type,text,place,name,bio
«невидимки»,Архипелаг ГУЛаг,Estonia,Аасало Лембиту,"Аасало Лембиту (эст. Lembitu Aasalo 1934—2002) — бывший политический заключённый, друг Георгия Тэнно по штрафному лагерному отделению Андзюба[10], почвовед, историк, хозяин хутора Раэ, где хранилась часть архива Солженицына[11]:134, в том числе рукопись ""Архипелага ГУЛАГа"" в специально заказанной для этого Аасало герметично завинчивающейся трубе (рукопись возвращена писателю). В конце 1990-х перевёл на эстонский язык книгу Солженицына «Россия в обвале»[12]."
«невидимки»,,France,Аман Ив,"Аман Ив (фр. Yves Hamant) — атташе по культуре посольства Франции в Москве (1974—1979), «глубоко верующий, преданный русской культуре <…> — очень много помог нам»[13]:62. В кругу Солженицына его прозвище было «Фей»[13]:62. Автор биографии отца Александра Меня[14]."
«невидимки»,Архипелаг ГУЛаг,France,Андреев Александр Вадимович,"Андреев Александр Вадимович (1937—2016) — переводчик. Сын В. Л. Андреева и О. В. Черновой, брат О. В. Андреевой-Карлайл, одной из переводчиц ""Архипелага ГУЛАГ"". Женат на Р. Л. Лемперт. Учился в Париже и Нью-Йорке. Служил во французской армии. Работал в ЮНЕСКО синхронным переводчиком, заведовал русской службой переводчиков. В области синхронного перевода ученик и преемник К. Я. Андроникова. В июне 1968 года вывез из Советского Союза плёнки с рукописью «Архипелага ГУЛАГ». Последние годы постоянно жил в Швейцарии[15]."
«невидимки»,Архипелаг ГУЛаг,"Paris, New York",Андреев Вадим Леонидович,"Андреев Вадим Леонидович (1903—1976) — младший сын писателя Леонида Андреева, в октябре 1964, после падения Н. С. Хрущёва, перевёз на Запад рулон фотоплёнок с большей частью архива Солженицына[11]:124[13]:25."
«невидимки»,,,Андреева-Чернова Ольга Викторовна,"Андреева-Чернова Ольга Викторовна (1903—1978) — жена В. Л. Андреева, падчерица В. М. Чернова, ""приятная сочувственная женщина, одобрявшая решение мужа и разделявшая все последствия""[13]:25."
«невидимки»,Архипелаг ГУЛаг,Moscow,Аничкова Наталья Мильевна,"Аничкова Наталья Мильевна (1896—1975) — филолог, входит в число свидетелей «Архипелага ГУЛАГ»"
«невидимки»,,,Асеева Мария Акимовна,"Асеева Мария Акимовна (?—до 1986) — хранительница архива донского писателя Ф. Д. Крюкова (одного из возможных авторов ""Тихого Дона""), передавшая значительную часть архива Вадиму Борисову[13]:71, 73"
«невидимки»,,,Барабанов Евгений,"Барабанов Евгений (1943, Ленинград) — российский искусствовед, историк русской философии и литературы, теолог, в настоящее время почетный доктор теологии Тюбингенского университета.[13]:47."
«невидимки»,,,Берзер Анна Самойловна,"Берзер Анна Самойловна (1917—1994) — российский литературный критик, редактор ""Нового мира"" с 1958 по 1971 год.[13]:34"
«невидимки»,,,Борисов Дима,"Борисов Дима[13]:44, 47, 66"
«невидимки»,В круге первом,"Moscow ""Aeroport"" metro",Борисова Инна,"Борисова Инна — сотрудница отдела прозу ""Нового мира"", хранила в своей квартире на метро ""Аэропорт"" расширенный вариант ""В круге первом"", считывала изданный на западе вариант этого романа[13]:34"
«невидимки»,архивные материалы,United States,Броунинг Стив,"Броунинг Стив (анг. Steve Broening)[16] — американец, в 1974 году корреспондент в бюро Ассошиэйтед Пресс в Москве, помог Н. Д. Светловой переправить значительную часть архива Солженицына на Запад[13]:67."
«невидимки»,,,Брыскин Иван Емельянович,Брыскин Иван Емельянович[13]:35
«невидимки»,,,Бутурлин Александр Сергеевич,Бутурлин Александр Сергеевич — после ареста и высылки Солженицына помогал Н. Д. Светловой выносить из квартиры книги[13]:66
«невидимки»,,,Бухарина Надежда Васильевна,"Бухарина Надежда Васильевна (1901 — октябрь 1982) — домработница (помощница по быту) у многих московских диссидентов (Рой Медведев, Шафаревич, Сахаров, Солженицын), легко соглашалась незаметно вынести из квартиры в хозяйственной сумке любую книгу или рукопись. ""У неё всегда наготове две машинистки — бескорыстно размножать любую самиздатскую вещь"".[13]:35, 43, её дочь искусствовед Елена Мурина замужем за Д. В. Сарабьяновым[17]."
«невидимки»,,,Вертоградская Елена Всеволодовна,"Вертоградская Елена Всеволодовна — сотрудница библиотечного партийного фонда, знакомая В. Л. Гершуни, накануне ареста и высылки Солженицына, организовала хранение спасённого архива Фёдора Крюкова, предполагаемого автора ""Тихого Дона""[13]:39, 76."
«невидимки»,Архипелаг ГУЛаг,"Leningrad, Estonia",Воронянская Елизавета Денисовна,Воронянская Елизавета Денисовна — в 5-м приложении к «Бодался телёнок с дубом» Е. Д. Воронянской посвящена целая глава[11]:139-146
«невидимки»,В круге первом,"Leningrad, Estonia",Воронянская Елизавета Денисовна,Воронянская Елизавета Денисовна — в 5-м приложении к «Бодался телёнок с дубом» Е. Д. Воронянской посвящена целая глава[11]:139-146
«невидимки»,Архипелаг ГУЛаг,Riazan',Гарасёва Анна Михайловна,Гарасёва Анна Михайловна — [13]:35 входит в число свидетелей «Архипелага ГУЛАГ»
«невидимки»,Архипелаг ГУЛаг,Riazan',Гарасёва Татьяна Михайловна,Гарасёва Татьяна Михайловна — [13]:35 входит в число свидетелей «Архипелага ГУЛАГ»
«невидимки»,Архипелаг ГУЛаг,Moscow,Гершуни Владимир,"Гершуни Владимир[13]:30 — входит в число свидетелей «Архипелага ГУЛАГ», познакомил с М. П. Якубовичем"
«невидимки»,,,Гикало Антонина,"Гикало Антонина — накануне ареста и высылки Солженицына решилась взять на хранение спасённый архив Фёдора Крюкова, предполагаемого автора «Тихого Дона»[13]:76"
«невидимки»,Архипелаг ГУЛаг,"Georgia, Moscow",Гинзбург Александр,"Гинзбург Александр — в феврале 1974, после ареста и высылки А. И. Солженицына помогал Н. Д. Светловой выносить из дома и перепрятывать рукописи и материалы писателя. Причём у Гинзбурга оседали те рукописи, которые было решено хранить в СССР, а не вывозить на запад. Именно Гинзбургу удалось наладить нелегальное ксерокопирование ""Архипелага ГУЛАГа"" в Грузии. Причем, по словам И. Н. Хохлушкина, первый завод составил 200 экземпляров, а первый тираж - 1500[13]:41, 66, неясно был ли он опубликован полностью."
«невидимки»,,,Главатских Галина Андреевна,"Главатских Галина Андреевна[13]:36 (?—19 июля 2020) — историк, сотрудница Государственной библиотеки СССР им. В.И. Ленина, где проработала 27 лет, после ухода на пенсию стала автором книги по истории храма святителя Николая Мирликийского в Покровском «Жизнь жительствует», познакомилась со Солженицыным через Е. Ц. Чуковскую, помогала ему в работе с многочисленными историческими источниками[18]."
«невидимки»,,,Глинка Владислав Михайлович,Глинка Владислав Михайлович[13]:36
«невидимки»,,,Горлов Саша,"Горлов Саша (р. 1931) — упоминается в главе ""Невидимки"" в связи с двумя небольшими эпизодами. Горлов ""своими изумительными руками"" помог в новой квартире Светловых приспособить неудобный штатив для пересъёмки рукописей, и перед самой высылкой Солженицына перевёз архив Крюкова к его хранителям, Георгию Павловичу и Антонине Гикало[13]:46, 76. В действительности знакомство и помощь Солженицыну самым решительным образом изменило судьбу молодого тогда инженера Александра Горлова[19]. 12 августа 1971 года он по просьбе Солженицына поехал к нему на дачу и случайно стал свидетелем производимого там сотрудниками КГБ негласного обыска. Горлова избили, потребовали подписку о неразглашении, в ответ на отказ пригрозили серьезными неприятностями. Неприятности не заставили себя ждать Горлову не дали защитить докторскую диссертацию, выгнали с работы и в 1975-м после настойчивых рекомендаций КГБ он был вынужден эмигрировать. Он профессор-эмеритус Северо-Восточного университета в Бостоне, Массачусетс[20], автор 25 американских и международных патентов. В 2001 году, одно из его изобретений (турбина, названная его именем) получило премию Эдисона Американского общества инженеров-механиков."
«невидимки»,,,Гречанинова Вера Семёновна,Гречанинова Вера Семёновна —[13]:36.
«невидимки»,,,Дёмушкин Сергей Петрович,"Дёмушкин Сергей Петрович — математик, алгебраист, ученик Шафаревича, работал в Стекловском институте, в 70-е годы был одним из главных хранителей архива Солженицына. За осторожность Солженицыны прозвали его ""Барсук"". Архив держал у брата, после того, как это место показалось ненадёжным, перенёс архив в другое, которого не знал и сам Солженицын. Аккуратно передавал частями для переправки за границу. Был изгнан из института, но как считает Солженицын, не из-за него.[13]:45"
«невидимки»,Август четырнадцатого,"France, Poland",Дурова Анастасия Борисовна,"Дурова Анастасия Борисовна (фр. Anastasia Douroff) — в круге Солженицына конспиративная кличка «Вася». Работая во французском посольстве, передала на запад плёнки с воспоминаниями Дмитрия Панина (1968), рукопись ""Августа Четырнадцатого"" (февраль 1971), набор плёнок со всем написанным к тому времени Солженицыным под названием ""Сейф"" (май 1971). В сентябре 1970 организовала встречу Никиты Струве и Евгения Барабанова, что серьёзно отразилось на пополнении ""Вестника РСХД"" материалами из СССР.[13]:48"
«невидимки»,,,Заболоцкая Екатерина Васильевна,"Заболоцкая Екатерина Васильевна — вдова поэта, осенью 1973 дважды летала в Крым спасать рукописи И. Н. Медведевой-Томашевской «Стремя ""Тихого дона""», второй раз вместе с Н. И. Столяровой после неожиданной смерти Томашевской[13]:75"
«невидимки»,,,Зайончковский Пётр Андреевич,Зайончковский Пётр Андреевич —[13]:36
«невидимки»,Архипелаг ГУЛаг,,Зведре Ольга,Зведре Ольга —[11]:35 входит в число свидетелей «Архипелага ГУЛАГ».
«невидимки»,,,Зворыкина Екатерина Фёдоровна,Зворыкина Екатерина Фёдоровна (1918—1986)[13]:37 — первая жена Е. Г. Эткинда.
«невидимки»,Архипелаг ГУЛаг,,Зубов Николай Иванович,"Зубов Николай Иванович (1895—1980[21]:554) — ближайший друг Солженицына по Кок-Терекской ссылке. В 5-м приложении к «Бодался телёнок с дубом» Николаю Ивановичу посвящена целая глава, причем первая. По основной специальности врач-гинеколог. Еще в лагере, а в лагерях и в ссылке Зубов был с 1942-го по 1956 год, разработал ряд конспиративных методик — установления тайной переписки с удалённым корреспондентом, переписки с помощью текста, внутри расслоенной и заново склеенной открытки, сохранения рукописи в виде склеенного из её (рукописи) листов переплёта книги и т. п. Последним его изобретением пользовался литературовед Альфред Штёкли, начавший в лагере писать повесть о восстании Спартака. До встречи с Зубовым Солженицын всё, написанное в лагере, хранил только при помощи собственной памяти. В мае 1953 Зубов подарил другу по ссылке фанерный посылочный ящик с двойным дном, это было первое тайное хранилище для рукописей. Затем был сделан тайник в письменном столе. Только Николай Иванович знал, где были закопаны рукописи, когда Солженицын поехал в Ташкентский раковый диспансер, как он считал, на верную смерть. Зубов изготовил для писателя переплёт пьес Бернарда Шоу, куда были вмонтированы плёнки с переснятыми произведениями Александра Исаевича. Книга была сожжена Солженицыным после изъятия его архива в 1965 году у Теушей. Зубов снабжал посылочными ящиками с двойным дном и в Торфопродукте, где Солженицын учительствовал. Ими Солженицын пользовался изредка до самой высылки из СССР. С 1959 у Зубовых в Ак-Мечети, их новом месте жительства хранилось всё, написанное Солженицыным, включая первый вариант «В круге первом» (96 глав). В 1964 году большая часть тайного архива была уничтожена Зубовым, за исключением одного тайника, забытого по случайности. В нём оказалась рукопись «Пира победителей», которая после изъятия архива у Теушей, была единственной. Н. И. Зубов входит и в число свидетелей «Архипелага ГУЛАГ» (история семьи Зубова описана в части 3 главе 6 «Архипелага ГУЛАГ», в «Раковом корпусе» он и его жена прототипы Кадминых). В ночь с 12 на 13 февраля 1974, когда Солженицын был арестован, у Зубовых провели тщательнейший обыск, подробности его неизвестны[11]:119—126[22]."
«невидимки»,В круге первом,,Зубов Николай Иванович,"Зубов Николай Иванович (1895—1980[21]:554) — ближайший друг Солженицына по Кок-Терекской ссылке. В 5-м приложении к «Бодался телёнок с дубом» Николаю Ивановичу посвящена целая глава, причем первая. По основной специальности врач-гинеколог. Еще в лагере, а в лагерях и в ссылке Зубов был с 1942-го по 1956 год, разработал ряд конспиративных методик — установления тайной переписки с удалённым корреспондентом, переписки с помощью текста, внутри расслоенной и заново склеенной открытки, сохранения рукописи в виде склеенного из её (рукописи) листов переплёта книги и т. п. Последним его изобретением пользовался литературовед Альфред Штёкли, начавший в лагере писать повесть о восстании Спартака. До встречи с Зубовым Солженицын всё, написанное в лагере, хранил только при помощи собственной памяти. В мае 1953 Зубов подарил другу по ссылке фанерный посылочный ящик с двойным дном, это было первое тайное хранилище для рукописей. Затем был сделан тайник в письменном столе. Только Николай Иванович знал, где были закопаны рукописи, когда Солженицын поехал в Ташкентский раковый диспансер, как он считал, на верную смерть. Зубов изготовил для писателя переплёт пьес Бернарда Шоу, куда были вмонтированы плёнки с переснятыми произведениями Александра Исаевича. Книга была сожжена Солженицыным после изъятия его архива в 1965 году у Теушей. Зубов снабжал посылочными ящиками с двойным дном и в Торфопродукте, где Солженицын учительствовал. Ими Солженицын пользовался изредка до самой высылки из СССР. С 1959 у Зубовых в Ак-Мечети, их новом месте жительства хранилось всё, написанное Солженицыным, включая первый вариант «В круге первом» (96 глав). В 1964 году большая часть тайного архива была уничтожена Зубовым, за исключением одного тайника, забытого по случайности. В нём оказалась рукопись «Пира победителей», которая после изъятия архива у Теушей, была единственной. Н. И. Зубов входит и в число свидетелей «Архипелага ГУЛАГ» (история семьи Зубова описана в части 3 главе 6 «Архипелага ГУЛАГ», в «Раковом корпусе» он и его жена прототипы Кадминых). В ночь с 12 на 13 февраля 1974, когда Солженицын был арестован, у Зубовых провели тщательнейший обыск, подробности его неизвестны[11]:119—126[22]."
«невидимки»,Архипелаг ГУЛаг,,Иванов Вячеслав Всеволодович «Кома»,"Иванов Вячеслав Всеволодович «Кома» (домашнее прозвище, используемое широким кругом друзей и учеников В. В. Иванова) — входит в число свидетелей «Архипелага ГУЛАГ»"
«невидимки»,Архипелаг ГУЛаг,Tambov oblast',Иванов Николай Павлович,"Иванов Николай Павлович — из Одессы, сын священника, пытался организовать размножение Архипелага ГУЛАГа на ротаторе - это не удалось, ездил собирать материал в Тамбовскую область, там познакомился с сестрой Петра Токмакова, за связи со Солженицыным его пытались подвергнуть принудительному психиатрическому лечению.[13]:8"
«невидимки»,,,Игошина Евгения Константиновна,Игошина Евгения Константиновна — сестра Ольги Константиновны Крыжановской[13]:36
«невидимки»,,,Каверин Николай Вениаминович,Каверин Николай Вениаминович (1933—2014) «Вел»[13]:33
«невидимки»,,,Капанадзе Ламара Андреевна,Капанадзе Ламара Андреевна —[13]:33
«невидимки»,Архипелаг ГУЛаг,Ekaterinburg,Карбе Юрий Васильевич,"Карбе Юрий Васильевич (1913—1968[21]:559) — инженер, друг А. И. Солженицына по Экибастузу. Когда в 1962 году шла борьба за публикацию «Одного дня Ивана Денисовича», Солженицын, опасаясь обыска, отвёз Карбе фотокопию всего написанного. Она была закопана, где-то в лесу[11]:124. Судьба этого тайника точно неизвестна. Рассказы Ю. В. Карбе использованы в «Архипелаге ГУЛАГ», он вошёл в число свидетелей «Архипелага»."
«невидимки»,,,Кинд Наталья Владимировна,Кинд Наталья Владимировна —[13]:32.
«невидимки»,,,Кобозев Николай Иванович,"Кобозев Николай Иванович — в 5-м приложении к «Бодался телёнок с дубом» Н. И. Кобозеву посвящена целая глава,[11]:126-128."
«невидимки»,,,Кобозев Алёша,"Кобозев Алёша — сын Н. И. Кобозева, приносил и уносил рукописи, которые хранились у вдовы брата Кобозева с 1962 по 1969 год[11]:128."
«невидимки»,Архипелаг ГУЛаг,"Leningrad, Moscow",Копелев Лев,"Копелев Лев[13]:37 — Копелевым передано первое неточное сообщение о взятии копии «Архипелага ГУЛАГ» в результате ареста Воронянской[11]:144, входит в число свидетелей «Архипелага ГУЛАГ»"
«невидимки»,архивные материалы,Italy,Корти Марио,"Корти Марио — сотрудник Итальянского посольства в Москве, перевёз за границу часть библиотеки Солженицына, нужную ему для работы[13]:68."
«невидимки»,,,Красносельская Сусанна Лазаревна,Красносельская Сусанна Лазаревна (у Солженицына под фамилией мужа С. Л. Теуш) — [11]:128-132.
«невидимки»,,,Краузе Аксель,"Краузе Аксель (анг. Axel Krause) — американский коммерсант в Москве в 1970-х годах. Он вместе с женой Жаклин помогал Солженицыну, как и многим другим московским инакомыслящим, получать с запада книги и письма по не контролируемым советской властью каналам[13]:60."
«невидимки»,,,Краузе Жаклин,Краузе Жаклин — жена американского коммерсанта Акселя Краузе. Помогала вместе с мужем московским инакомыслящим[13]:60
«невидимки»,,,Крепо Фрэнк,"Крепо Фрэнк (анг. Frank Crepeau 7 августа 1932, Сиэтл — 2006[23]) — корреспондент Ассошиэйтед Пресс, заменил летом 1973 года Стига Фредриксона[13]:63."
«невидимки»,,,Кручинина Наталья Алексеевна,"Кручинина Наталья Алексеевна — ленинградский терапевт, в кругу солженицынских помощников ""Натаня"", через неё А. И. Солженицын узнал, что у одной из её пациенток, М. А. Асеевой, хранится архив Фёдора Крюкова, предполагаемого автора ""Тихого Дона""[13]:40, 71. З. Б. Томашевская появление архива Крюкова объясняет совершенно иначе, по её словам М. А. Асеева обратилась к ней как архитектору, опасаясь выселения из старого дома, и сообщила об архиве[24]."
«невидимки»,,,Крыжановская Ольга Константиновна,Крыжановская Ольга Константиновна[13]:7 — сестра Евгении Константиновны Игошиной[13]:36
«невидимки»,,,Крысин Леонид,Крысин Леонид — ин-т Русского языка на Волхонке[13]:33
«невидимки»,,,Куклин Анатолий Яковлевич,"Куклин Анатолий Яковлевич — муж И. В. Куклиной, вместе с женой привёз из Крыма от Н. А. Зубова в Ленинград остатки архива. Е. Ц. Чуковская и Солженицын окрестили его «инфант»[11]:125."
«невидимки»,,,Куклина Ирина Валерьяновна,"Куклина Ирина Валерьяновна — аспирантка А. И. Доватура, друга Н. А. Зубова по лагерю, привезла из Крыма от Н. А. Зубова и сохранила в Ленинграде остатки архива, включавшие единственный экземпляр «Пира победителей». Вместе с Е. Ц. Чуковской Солженицын окрестил И. В. Куклину «инфанта»[11]:125."
«невидимки»,Архипелаг ГУЛаг,"Moscow, ""the west""",Курдюмов Валерий Николаевич,"Курдюмов Валерий Николаевич[13]:45-46 — сын заключённого, работавшего на строительстве Беломорканала; физик, сотрудник Радиотехнического института АН CCCР. В 1971 году переснял на плёнку для передачи на Запад три тома «Архипелага ГУЛАГ» — по этому источнику позднее сделаны все мировые переводы книги (кроме англо-американского)[25][26]. «Огромную работу выполнил друг Андрея Тюрина физик Валерий Николаевич Курдюмов, сотрудник сверхсекретного Радиотехнического института АН. Притащив на квартиру Светловых огромный рюкзак с фотооборудованием, он переснял три тома „Архипелага“, проявлял плёнки в узком, удалённом от окон коридорчике, и сушил их в ванной трое суток напролёт (свет ламп не укроется от бдительного ока, и ему припомнят эту фотосессию вызовом на Лубянку в 1974-м)»[27]."
«невидимки»,,,Лазарева Ная,"Лазарева Ная — московская подруга Элизабет Маркштейн, передавшая её письмо о необходимости борьбы за соблюдение авторских прав Солженицына на западе[13]:51[28]."
«невидимки»,Архипелаг ГУЛаг,,Левитская Надежда Григорьевна,Левитская Надежда Григорьевна — входит в число свидетелей «Архипелага ГУЛАГ»[11]:135
«невидимки»,,,Леддингтон Роджер,"Леддингтон Роджер (анг. Roger Leddington)[16] — американец, в 1974 году корреспондент в бюро Ассошиэйтед Пресс в Москве, помог Н. Д. Светловой переправить значительную часть архива Солженицына на Запад[13]:67."
«невидимки»,,,Маркштейн Лиза,Маркштейн Лиза[13]:50 (Бетта)
«невидимки»,Архипелаг ГУЛаг,Leningrad,Маслов Сергей,"Маслов Сергей — ленинградец, хозяин квартиры, где останавливался Лев Копелев, 1-го сентября 1973 года именно он передал В. В. Иванову сообщение, что в Ленинграде ""Взят архив"", вместо ""Взят Архип"" (сокращенное название ""Архипелага"", принятое в кругу помощников Солженицына)[29]:145."
«невидимки»,,,Можаев Борис,Можаев Борис[13]:34
«невидимки»,,,Медведева-Томашевская Ирина Николаевна,"Медведева-Томашевская Ирина Николаевна (1903—1973) — знакомство с А. И. Солженицыным восходит к зиме 1967 года, когда он расспрашивал Медведеву-Томашевскую о высылке крымских татар, раскулачивании, новгородской деревне 20-х годов. В марте 1969 года Солженицын пыталсся начать писать ""Красное колесо"" у Томашевской у Гурзуфе. Там возник замысел писать книгу об авторстве ""Тихого Дона"". Помощники Солженицына, в том числе Е. Ц. Чуковская, снабжали Томашевскую материалами, в их кругу её звали ""Дама""[13]:70, 71. Книга под названием «Стремя „Тихого Дона“» была собрана из черновиков Томашевской после ее смерти и опубликована под авторством «Д*» (псевдонимом составленным Солженицыным из ""Дамы"" и ""Дона"")[13]:75."
«невидимки»,,,Нанди Джулиан,"Нанди Джулиан (анг. Julian Nundy род. 1947) — француз по отцу и англичанин по матери, с апреля 1971 по июнь 1974 года корреспондент Московского бюро Рейтерс[30], в 1974 году помог Н. Д. Светловой переправить значительную часть архива Солженицына на Запад[13]:67."
«невидимки»,,,Нечаев Вячеслав Петрович,Нечаев Вячеслав Петрович[13]:36
«невидимки»,,,Одом Вильям,"Одом Вильям — в 1972—1974 помощник американского военного атташе в посольстве в Москве, с разрешения своего начальника контр-адмирала Майо, вывез вместе с собственными вещами (у него как раз заканчивался срок службы в Москве) значительную часть архива Солженицына[13]:68-66"
«невидимки»,В круге первом,Ekaterinburg,Осённов Сергей Иванович,Осённов Сергей Иванович Екатеринбург[13]:7
«невидимки»,Раковый корпус,,Осённов Сергей Иванович,Осённов Сергей Иванович Екатеринбург[13]:7
«невидимки»,,,Островская Леонора [Ефимовна],"Островская Леонора [Ефимовна] — художница, приготовила эскиз обложки к ""Августу 14"", который был использован при публикации в Париже[13]:43"
«невидимки»,,,Павлович Георгий,"Павлович Георгий (из текста неясно, это фамилия ""Павло́вич"" или отчество ""Па́влович"") — накануне ареста и высылки Солженицына решился взять на хранение спасённый архив Фёдора Крюкова, предполагаемого автора ""Тихого Дона""[13]:76"
«невидимки»,,,Пайперт Джим,"Пайперт Джим (анг. James R. Peipert)[16] — американец, в 1974 году корреспондент в бюро Ассошиэйтед Пресс в Москве, помог Н. Д. Светловой переправить значительную часть архива Солженицына на Запад[13]:67."
«невидимки»,,,Пахтусова Нина Александровна,"Пахтусова Нина Александровна — геолог, составляла вместе с Н. В. Кинд оставляла карту ГУЛАГа, арестована вместе с Е. Д. Воронянской[11]:143"
«невидимки»,,,Паcтернак Евгений Борисович,"Паcтернак Евгений Борисович — Солженицын упоминает, что после его ареста в феврале 1974 семья Пастернаков участвовала в спасении рукописей: ""у наших соседей Пастернаков сверх бумаг торчали перья лука, вилок капусты""[13]:66. Провожал в аэропорту Шереметьево семью Александра Солженицына, отбывавшую для воссоединения с ним, за что позднее его выжили с работы в Московском энергетическом институте[31]."
«невидимки»,,,Пастернак Елена Владимировна,"Пастернак Елена Владимировна (р. 1936) — жена Е. Б. Патернака, урождённая Вальтер, внучка философа Г. Г. Шпета, филолог, соавтор и сотрудник мужа в его научной и издательской деятельности. Солженицын упоминает, что после его ареста в феврале 1974-го семья Пастернаков участвовала в спасении рукописей: ""у наших соседей Пастернаков сверх бумаг торчали перья лука, вилок капусты""[13]:66."
«невидимки»,В круге первом,Moscow,Петрова Мира Геннадьевна,"Петрова Мира Геннадьевна — текстолог, работавшая с «В круге первом», «Раковый корпус» и первыми «узлами» романа «Красное колесо», канд. фил. наук; сотрудник ЦГАЛИ (1956—1962), ИМЛИ (с 1962 г.)[32][33]."
«невидимки»,Раковый корпус,,Петрова Мира Геннадьевна,"Петрова Мира Геннадьевна — текстолог, работавшая с «В круге первом», «Раковый корпус» и первыми «узлами» романа «Красное колесо», канд. фил. наук; сотрудник ЦГАЛИ (1956—1962), ИМЛИ (с 1962 г.)[32][33]."
«невидимки»,Красное колесо,,Петрова Мира Геннадьевна,"Петрова Мира Геннадьевна — текстолог, работавшая с «В круге первом», «Раковый корпус» и первыми «узлами» романа «Красное колесо», канд. фил. наук; сотрудник ЦГАЛИ (1956—1962), ИМЛИ (с 1962 г.)[32][33]."
«невидимки»,,,Петрушевский Борис Абрамович,Петрушевский Борис Абрамович[13]:6
«невидимки»,,,Поливанов Михаил Константинович,Поливанов Михаил Константинович[13]:33
«невидимки»,,,Порт Марта Мартыновна,"Порт Марта Мартыновна — эстонка, вдова известного биолога Яана Порта, мать благополучных сыновей (один из них М. Порт, главный архитектор Тарту), принимала на своём хуторе бывших ссыльных, в том числе семью Сузи, предоставила хутор в распоряжение Солженицына, где за зимы 1965—1966 и 1966—1967 годов был дописан «Архипелаг ГУЛаг»[11]:134."
«невидимки»,,,Прицкер Давид Петрович,"Прицкер Давид Петрович — весной 1972 года показал Солженицыну зал заседаний Государственной Думы в Таврическом дворце: ""Я ещё не торопясь, промеривал его шагами, записывая какие стены, люстры, колонны"" (материалы были нужны для ""Октября Шестнадцатого"" и ""Марта Семнадцатого""). Прицкер был лектором областной партийной школы, которая в тот момент занимала здание. Но охрана прервала экскурсию. Через день Прицкер сумел предупредить организатора этой встречи Е. Г. Эткинда: ""Считаем: я - не знал, кого водил. Ты мне сказал - доцент из Сибири"". Позднее Д. П. Прицкеру угрожали увольнением, потребовали письменное объяснение, в котором Давид Петрович написал, что не знает фамилии человека. которому показывал дворец. Увольнение не состоялось.[13]:37"
«невидимки»,,,Пурайт Эрика,"Пурайт Эрика — подруга Хели Сузи, участница в помощи А. И. Солженицыну, по словам писателя хранила ""черновики, машинописные отпечатки, материалы"", относящиеся к ""Архипелагу Гулагу""[34]."
«невидимки»,,,Радугина Наталья Евгеньевна,Радугина Наталья Евгеньевна[13]:36.
«невидимки»,,,Рожанский Иван Дмитриевич,Рожанский Иван Дмитриевич[13]:32.
«невидимки»,,,Саакянц Анна Александровна,"Саакянц Анна Александровна — цветаевед, по просьбе Солженицына занималась поисками газетных материалов в спецхране[13]:36"
«невидимки»,Архипелаг ГУЛаг,"Riazan', Moscow, Leningrad",Самутин Леонид Александрович,"Самутин Леонид Александрович — бывший власовец, журналист во власовской печати, хранил часть архива, которая, как считается, включала и ""Архипелаг ГУЛаг"". Это хранение было изъято КГБ после ареста и смерти Е. Д. Воронянской[11]:143"
«невидимки»,В круге первом,,Самутин Леонид Александрович,"Самутин Леонид Александрович — бывший власовец, журналист во власовской печати, хранил часть архива, которая, как считается, включала и ""Архипелаг ГУЛаг"". Это хранение было изъято КГБ после ареста и смерти Е. Д. Воронянской[11]:143"
«невидимки»,,,Светлова Екатерина Фердинандовна,"Светлова Екатерина Фердинандовна — теща писателя, мать Н. Д. Светловой (Солженицыной). Хотя, вероятно, помощь, оказываемая Е. Ф. Светловой, была очень многоплановой, Солженицын упоминает лишь один эпизод — в начале 1970 года она ""мастерски вклеила в крышку картонной коробки"" его доверенность на имя швейцарского юриста Фрица Хееба (нем.)русск., которую вывезла Элизабет Маркштейн[13]:51"
«невидимки»,,,Светлова Наталия Дмитриевна,Светлова Наталия Дмитриевна[13]:41
«невидимки»,Архипелаг ГУЛаг,Perm,Семёнов Николай Андреевич,"Семёнов Николай Андреевич — инженер-электрик, военнопленный, заключённый ГУЛАГа, друг А. И. Солженицына по Бутырской тюрьме. Там вместе с ним была сочинена вставная глава «В круге первом» — «Улыбка Будды». Когда в 1962 году шла борьба за публикацию «Одного дня Ивана Денисовича», Солженицын, опасаясь обыска, отвёз Семёнову на Пермскую ГЭС фотокопию всего написанного. Позднее, когда необходимость в хранение отпала, Солженицын эту копию уничтожил[11]:124. Судьба этого тайника точно неизвестна. Рассказы Н. А. Семёнова использованы в «Архипелаге ГУЛАГ», он вошёл в число свидетелей «Архипелага»."
«невидимки»,В круге первом,,Семёнов Николай Андреевич,"Семёнов Николай Андреевич — инженер-электрик, военнопленный, заключённый ГУЛАГа, друг А. И. Солженицына по Бутырской тюрьме. Там вместе с ним была сочинена вставная глава «В круге первом» — «Улыбка Будды». Когда в 1962 году шла борьба за публикацию «Одного дня Ивана Денисовича», Солженицын, опасаясь обыска, отвёз Семёнову на Пермскую ГЭС фотокопию всего написанного. Позднее, когда необходимость в хранение отпала, Солженицын эту копию уничтожил[11]:124. Судьба этого тайника точно неизвестна. Рассказы Н. А. Семёнова использованы в «Архипелаге ГУЛАГ», он вошёл в число свидетелей «Архипелага»."
«невидимки»,,,Славуцкая Вильгельмина Германовна,"Славуцкая Вильгельмина Германовна, урождённая Магидсон, (27.06.1905, Рига — 2005[35]) — дочь лесозаводчика, в 1927 приезжает в Москву, выходит замуж за одного из лидеров КПД Курта Мюллера (нем.)русск., работает в Коминтерне, арестована 10 марта 1936, срок 8 лет, но отбыла 10[36]. Собирала для Солженицына сведения о Козьме Гвоздеве, познакомила Солженицына с детьми Шляпникова, организовала свидание с Бёллем для переправки текстов на Запад, после ареста и высылки Солженицына помогала Н. Д. Светловой выносить из квартиры книги, организовала их переправку на Запад[13]:35, 66. В 1993 вместе с вторым мужем бывшем политзэка ГУЛАГа Наумом Славуцким выехала в Германию[36]."
«невидимки»,,,Снесарёва Неонила Георгиевна,Снесарёва Неонила Георгиевна[13]:40
«невидимки»,архив Солженицына,,Стефанов Юрий Александрович,Стефанов Юрий Александрович[13]:36.
«невидимки»,Архипелаг ГУЛаг,"""the west""",Столярова Наталья Ивановна,"Столярова Наталья Ивановна «Ева» — входит в число свидетелей «Архипелага ГУЛАГ», в журнальном варианте дополнения ""Невидимки"" ей посвящена отдельная 9-ая глава, в издании 1996 года (""Бодался телёнок с дубом"" М.: Согласие) эта глава дополнена очерком об А. А. Угримове."
«невидимки»,В круге первом,,Столярова Наталья Ивановна,"Столярова Наталья Ивановна «Ева» — входит в число свидетелей «Архипелага ГУЛАГ», в журнальном варианте дополнения ""Невидимки"" ей посвящена отдельная 9-ая глава, в издании 1996 года (""Бодался телёнок с дубом"" М.: Согласие) эта глава дополнена очерком об А. А. Угримове."
«невидимки»,,,Струве Никита Алексеевич,Струве Никита Алексеевич[13]:49-50
«невидимки»,Архипелаг ГУЛаг,,Сузи Арно,Сузи Арно[11]:133 — входит в число свидетелей «Архипелага ГУЛАГ»
«невидимки»,В круге первом,,Сузи Арно,Сузи Арно[11]:133 — входит в число свидетелей «Архипелага ГУЛАГ»
«невидимки»,Архипелаг ГУЛаг,Tartu,Сузи Арнольд Юханович,Сузи Арнольд Юханович[11]:133-139 — входит в число свидетелей «Архипелага ГУЛАГ»
«невидимки»,В круге первом,,Сузи Арнольд Юханович,Сузи Арнольд Юханович[11]:133-139 — входит в число свидетелей «Архипелага ГУЛАГ»
«невидимки»,Архипелаг ГУЛаг,"Tartu, Tallin",Сузи Хели,Сузи Хели[11]:133 — входит в число свидетелей «Архипелага ГУЛАГ»
«невидимки»,В круге первом,,Сузи Хели,Сузи Хели[11]:133 — входит в число свидетелей «Архипелага ГУЛАГ»
«невидимки»,,,Суперфин Габриэль Гаврилович,Суперфин Габриэль Гаврилович[13]:37
«невидимки»,,,Татищев Степан Николаевич,"Татищев Степан Николаевич (1935—1985) — французский славист, русский эмигрант второго поколения, дважды приезжал в Москву как турист в конце 60-х, через Н. И. Столярову, которая знала его отца по Парижу, познакомился с А. И. Солженицыным. В 1971—1974 годах — культурный атташе Франции в Москве. Через него был установлен нелегальный канал передачи рукописей за границу, второй через французское посольство, действовавший независимо от канала А. Б. Дуровой. Для маскировки круг Солженицына называл его «Эмиль» или «Милька». По мнению Солженицына, Татищев «наделал вначале опрометчивых шагов, из-за которых должен был потом долгое время осторожничать». Его использовали для передачи писем, распоряжений, известий прямо к Никите Струве, издателю Солженицына в то время. После получения Соложеницыным Нобелевской премии отвёз за границу «большой список нумеров», то есть распоряжение, кому от чьего имени переводить деньги и помощь[13]:29, 63-63."
«невидимки»,,,Теуш Вениамин Львович,"Теуш Вениамин Львович (1898—1973[37][38]) — в 5-м приложении к «Бодался телёнок с дубом» В. Л. Теушу и его жене Сусанне Лазаревне (о ней смотри Красносельская С. Л.) посвящена целая глава,[11]:128-132."
«невидимки»,Архипелаг ГУЛаг,Estonia,Тэнно Георг,Тэнно Георг[11]:133 — входит в число свидетелей «Архипелага ГУЛАГ»
«невидимки»,,,Тэнно Наталья Константиновна,Тэнно Наталья Константиновна[11]:133
«невидимки»,,,Тюрин Андрей Николаевич,Тюрин Андрей Николаевич[13]:43
«невидимки»,,,Тюрина Галина Николаевна,Тюрина Галина Николаевна[13]:43
«невидимки»,,,Тюрина Софья Абрамовна,"Тюрина Софья Абрамовна — вторая жена Андрея Тюрина, помогала Вадиму Борисову извлекать из квартиры погибшей Галины Тюриной архив Солженицына, вес которого составлял в тот момент уже 27 килограмм[13]:44"
«невидимки»,,,Угримов Александр Александрович,"Угримов Александр Александрович — агроном, переводчик. По непонятным причинам не упомянут в журнальном издании 5-ого приложения к ""Бодался телёнок с дубом"", ""Невидимки"" (""Новый мир"". 1991. № 11. С. 119—146. № 12. С. 5-76.)[3], но в издании воспоминаний Солженицына 1996 года (М.: Согласие) Глава 9 дополнения ""невидимки"" называна: ""Наталья Ивановна Столярова и Александр Александрович Угримов"", страницы 487-508 посвящены Угримову. В августе 1971 А. А. Угримов скрытно повёз Солженицына на машине Н. И. Столяровой на юг в Новочеркасск и Кисловодск. Писатель намеревался собрать материал о Новочеркасском расстреле и событиях гражданской войны. Но поездка была неудачной из-за неожиданной болезни (или отравления) А. И. Солженицына. Угримов оставил воспоминания об этой поездке[39], упоминается она и в ""Бодался телёнок с дубом"". Угримов участвовал в обсуждении проекта Нобелевской лекции, дважды направлял свои замечания писателю[40]."
«невидимки»,,,Удгорд Нильс Мортен,"Удгорд Нильс Мортен — норвежский журналист, друг Стига Фредриксона. Познакомился с семьёй Соложеницына уже после его ареста и высылки в 1974 году. Именно к Удгорду Н. Д. Светлова обратилась с просьбой о помощи в вывозе архива, включавшего все подготовительные материалы для многолетней работы над ""Красным колесом"". Детали этой операции до сих пор не раскрыты (в публикации в этом месте несколько строк отточий). Так как объём архива заведомо превышал два разрешённых журналисту чемодана, Удгорд обратился к помощнику американского военного атташе Вильяму Одому[13]:65"
«невидимки»,архив Солженицына,England,Уоллес Ричард,"Уоллес Ричард (анг. Richard Wallis) — англичанин, в 1974 — году корреспондент Московского бюро Британского агентства Рейтерс[16], помог Н. Д. Светловой переправить значительную часть архива Солженицына на Запад[13]:67."
«невидимки»,,,Филиппи Эльфрида,"Филиппи Эльфрида (фр. Elfrida Filippi) — сотрудница отдела культуры Французского посольства в Москве, корсиканка по происхождению. «Красивая, стройная, когда любит — обаятельная, когда не жалует — ледяная.» — писала о ней Н. Столярова[13]:29."
«невидимки»,,,Фредриксон Стиг,Фредриксон Стиг[11]:146
«невидимки»,,,Хегге Пер,Хегге Пер[13]:60
«невидимки»,,,Холодова Валентина Павловна,"Холодова Валентина Павловна — биолог, много ездила по России, собирала материалы о восстании в Тамбовской области[13]:8"
«невидимки»,Архипелаг ГУЛаг,"Georgia, Moscow",Хохлушкин Игорь,"Хохлушкин Игорь — одним из беспрецедентных проектов Хохлушкина (совместно с Александром Гинзбургом) была попытка наладить издание ""Архипелага ГУЛАГ"" в СССР. Гинзбургу удалось наладить нелегальное ксерокопирование ""Архипелага ГУЛАГа"" в Грузии. Хохлушкин переплетал книги где-то в центральной России, он писал Солженицыну в США: “С радостью посылаю вам в подарок здешнее издание Книги. (Тираж – 1500, первый завод – 200 экз.). Верю, что Бог не попустит пресечь это дело. Издание не только и не столько для московских снобов, а для провинции. Охвачены города: Якутск, Хабаровск, Новосибирск, Красноярск, Свердловск, Саратов, Краснодар, Тверь и более мелкие…”. Неизвестно удалось ли выпустить первый тираж полностью[13]:40."
«невидимки»,Архипелаг ГУЛаг,Moscow,Храбровицкий Александр Вениаминович,Храбровицкий Александр Вениаминович —[13]:36 входит в число свидетелей «Архипелага ГУЛАГ»
«невидимки»,,,Чуковская Елена Цезаревна,Чуковская Елена Цезаревна
«невидимки»,Архипелаг ГУЛаг,"Rostov-na-Don, Moscow",Шеффер Маргарита Николаевна,"Шеффер Маргарита Николаевна — соученица Солженицына по Университету, перепечтала для него ""В круге первом"", Шеффер Маргарита Николаевна""Архипелаг ГУЛаг"", в 1970 ей удалось перебраться в Москву, здесь она была основной доверенной машинисткой сборника ""Из-под глыб""[13]:40"
«невидимки»,В круге первом,,Шеффер Маргарита Николаевна,"Шеффер Маргарита Николаевна — соученица Солженицына по Университету, перепечтала для него ""В круге первом"", ""Архипелаг ГУЛаг"", в 1970 ей удалось перебраться в Москву, здесь она была основной доверенной машинисткой сборника ""Из-под глыб""[13]:40"
«невидимки»,В круге первом,"Moscow, Leningrad",Шиповальников Алеша,"Шиповальников Алеша — сын о. Виктора, ездил в Ленинград к Самутину, чтобы уточнить что именно взяли при обыске. Самутин сказал, что только «В круге первом»[11]:139-146"
«невидимки»,Архипелаг ГУЛаг,"Moscow, Leningrad",Шиповальников Виктор,"Шиповальников Виктор (9 февраля (28 января) 1915 — 27 декабря 2007[29]) — сержант Красной армии, священник (Одесса, Кишинёв; 1943-45), срок 5 лет как СОЭ[29], з/к (Печора,1945-47). Освобождён на 3 года раньше срока после встречи Сталина с митрополитами Сергием (Страгородским), Алексием (Симанским) и Николаем (Ярушевичем)[41]. Протоиерей Троицкой церкви (ст. Удельная в Подмосковье). Вошёл в число свидетелей «Архипелага ГУЛАГ». В «Архипелаге ГУЛАГ» А. И. Солженицын пять раз ссылается рассказы отца Виктора (см. статью о свидетелях «Архипелага»[29]. Отказался выступить против Солженицына в «Журнале Московской Патриархии», претерпел гонения. В чём состояла помощь, оказываемая отцом Виктором, Солженицын не сообщает[13]:41."
«невидимки»,,,Эванс Боб,"Эванс Боб (анг. Bob Evans) — англичанин, в 1974 году — корреспондент Московского бюро Британского агентства Рейтерс[16], помог Н. Д. Светловой переправить значительную часть архива Солженицына на Запад[13]:67"
«невидимки»,,,Элиадер Руть,"Элиадер Руть — подруга Хели Сузи, участница в помощи А. И. Солженицыну, по словам писателя хранила ""черновики, машинописные отпечатки, материалы"", относящиеся к ""Архипелагу Гулагу""[42]."
«невидимки»,,,Эткинд Ефим Григорьевич,Эткинд Ефим Григорьевич[13]:37
«невидимки»,,,Якоби Эло,"Якоби Эло — подруга Хели Сузи, участница в помощи А. И. Солженицыну, по словам писателя, хранила «черновики, машинописные отпечатки, материалы», относящиеся к «Архипелагу Гулагу»[43]."
«невидимки»,,,Яковлева Анна Ивановна,"Яковлева Анна Ивановна — шутливое прозвище «гадалка» (из-за любви к гаданью на картах), доктор биологических наук, специалист по вредным побочным действиям лекарств, работала в «институте на Зубовской» (очевидно, Всесоюзный научно-исследовательский химико-фармацевтический институт, Зубовская ул. 7/2). Анна Ивановна постоянно была окружена молодёжью. В 1963 г. её кружок прислал письмо Солженицыну сразу за 20 подписями, с этого момента установилось общение. А. И. по её просьбе давал ей на перепечатку пьесы, заготовки для «Красного колеса». В сентябре 1965 и июне 1968 скрывался в её квартире на 13-й Парковой. Окончила свои дни в инвалидном доме на Клязьме[13]:31-32."
Свидетели «Архипелага ГУЛАГ»,,,Александрова Мария Борисовна,Александрова Мария Борисовна
Свидетели «Архипелага ГУЛАГ»,Архипелаг ГУЛаг,,Алексеев Иван А.,"Алексеев Иван А., заключённый Устьвымлага в первой половине 1960-х годов. Корреспондент Солженицына, письмо не опубликовано. В «Архипелаге ГУЛАГ» приведено детальное описание попытки Алексеева выступить на общелагерном собрании с осуждением сталинизма. В результате за «нездоровые антисоветские настроения» Иван Алексеев получил 3 года тюремного режима[6]:462—464. «„Ваша позиция — арьергард!“ — огорошил меня Ваня Алексеев» — пишет А. И. С. и заключает «за десять лет я потерял живое чувство Архипелага»[6]:440."
Свидетели «Архипелага ГУЛАГ»,,,Алексеев Иван Николаевич,Алексеев Иван Николаевич
Свидетели «Архипелага ГУЛАГ»,,,Аничкова Наталья Мильевна,"Аничкова Наталья Мильевна (1896—1975) — филолог, заключённая Унжлага (Сухобезводное) в 1949—1955 годах. II 210, 514."
Свидетели «Архипелага ГУЛАГ»,,,Бабич Александр Павлович,"Бабич Александр Павлович (1899, Новороссийск — 1950, умер в заключении) — жил в Ленинграде, почётный полярник, начальник полярной станции Домашний остров ГУСМП. 7 января 1942 года по обвинению по статье 58-1""а"" Уголовного кодекса (УК) РСФСР приговорён к расстрелу. 6 марта 1942 года приговор заменён десятью годами (Джидинский лагерь)[7] I 143, 408; II 172—173, 237, 305—307, 523, 530"
Свидетели «Архипелага ГУЛАГ»,,,Бакст Михаил Абрамович,"Бакст Михаил Абрамович (1933 г. р.) — школьник средней школы № 10 в Ленинск-Кузнецке, 29 сентября 1951 года Кемеровским областным судом по статьям 58-10 ч. 2, 58-11 осуждён на 10 лет исправительно-трудовых лагерей (ИТЛ), 2 октября 1954 года приговор изменён, исключена статья 58-11, срок снижен до 5 лет[8]. I 147, II 254, III 415."
Свидетели «Архипелага ГУЛАГ»,,,Баранович Марина Казимировна,Баранов Александр Иванович — заключённый Ныроблага в 1944 году II 321.
Свидетели «Архипелага ГУЛАГ»,Архипелаг ГУЛаг,,Баранович Марина Казимировна,"Баранович Марина Казимировна (1901—1975) — в «Архипелаге ГУЛАГ» приведены сведения, сообщённые Мариной Баранович, о тесноте в Бутырской тюрьме в 1918 году, тогда даже в прачечной была устроена тюремная камера на 70 человек[2]:124. Впоследствии переводчик, помощница и машинистка Бориса Пастернака[9]. Знакомство Баранович со Солженицыным относится к 1965 году. Дмитрий Панин дал Баранович без ведома автора «В круге первом», Солженицын захотел познакомиться. Дочь Марины Баранович, Анастасия Баранович-Поливанова предложила писателю помощь в хранении неподцензурных рукописей. Весной 1965 года он передал ей «В круге первом» и 15 экземпляров двух своих поэм. 18 сентября 1965 года сотрудники КГБ задержали Баранович, провели у неё обыск, изъяли машинку и допрашивали до позднего вечера, после чего следователь ещё много раз приходил для допросов к Баранович домой. В квартире дочери, Анастасии Баранович-Поливановой, обыска не было. Экземпляр рукописи «В круге первом» уцелел. По мнению Баранович-Поливановой, «единственное, что их интересовало, — не печатала ли мама „Архипелаг“»[10]. Зять Марины Баранович Михаил Поливанов перечислен Солженицыным среди его тайных помощников, он один из соавторов сборника «Из-под глыб»[11]."
Свидетели «Архипелага ГУЛАГ»,В круге первом,,Баранович Марина Казимировна,"Баранович Марина Казимировна (1901—1975) — в «Архипелаге ГУЛАГ» приведены сведения, сообщённые Мариной Баранович, о тесноте в Бутырской тюрьме в 1918 году, тогда даже в прачечной была устроена тюремная камера на 70 человек[2]:124. Впоследствии переводчик, помощница и машинистка Бориса Пастернака[9]. Знакомство Баранович со Солженицыным относится к 1965 году. Дмитрий Панин дал Баранович без ведома автора «В круге первом», Солженицын захотел познакомиться. Дочь Марины Баранович, Анастасия Баранович-Поливанова предложила писателю помощь в хранении неподцензурных рукописей. Весной 1965 года он передал ей «В круге первом» и 15 экземпляров двух своих поэм. 18 сентября 1965 года сотрудники КГБ задержали Баранович, провели у неё обыск, изъяли машинку и допрашивали до позднего вечера, после чего следователь ещё много раз приходил для допросов к Баранович домой. В квартире дочери, Анастасии Баранович-Поливановой, обыска не было. Экземпляр рукописи «В круге первом» уцелел. По мнению Баранович-Поливановой, «единственное, что их интересовало, — не печатала ли мама „Архипелаг“»[10]. Зять Марины Баранович Михаил Поливанов перечислен Солженицыным среди его тайных помощников, он один из соавторов сборника «Из-под глыб»[11]."
Свидетели «Архипелага ГУЛАГ»,Архипелаг ГУЛаг,,Безродный Вячеслав,"Безродный Вячеслав заключённый в Ольчане (Якутия; вероятно, Индигирлаг), в «Архипелаге ГУЛАГ» описана его попытка побега на двух связанных брёвнах по Индигирке[12]:322."
Свидетели «Архипелага ГУЛАГ»,,,Белинков Аркадий Викторович,"Белинков Аркадий Викторович (1921—1970) — студент-дипломник Литературного института, заключённый в Москве и Карлаге в 1944—1956 годах, литературовед, с 1968 года в эмиграции. II 147, 253, 393."
Свидетели «Архипелага ГУЛАГ»,,,Бернштам Михаил Семёнович,"Бернштам Михаил Семёнович (1940 г. р.) — демограф и экономист, с 1976 года в эмиграции, сотрудник Гуверовского института."
Свидетели «Архипелага ГУЛАГ»,,,Бернштейн Анс Фрицевич,"Бернштейн Анс Фрицевич (1909—?) — заключённый на Горьковской пересыльной тюрьме, затем в Буреполомлаге. I 27, 487, 522; II 172, 209, 311; III 410."
Свидетели «Архипелага ГУЛАГ»,,,Борисов Авенир Петрович,"Борисов Авенир Петрович (16 ноября 1912[13], д. Дор-Паговец, Вохомского района Костромской области[14] —?) — с 13 лет в комсомоле[12]:260, учитель, арестован 4 июня 1937 года, 27 января 1938 года осуждён, заключённый на Воркуте, дело прекращено 26 января 1946 года[13], вернулся в родной посёлок в 1946 году, друзья, все вчерашние бесстрашные фронтовики, избегали его. Директор детдома. Дети обижались, когда местные жители звали их директора «тюремщиком»[6]:400—401."
Свидетели «Архипелага ГУЛАГ»,,,Братчиков Андрей Семёнович,Братчиков Андрей Семёнович II 425
Свидетели «Архипелага ГУЛАГ»,,,Бреславская Анна,Бреславская Анна (1923 г. р.) — заключённая на Калужской заставе в Москве в 1946 году. II 404
Свидетели «Архипелага ГУЛАГ»,,,Бродовский М. И.,"Бродовский М. И. — баптист, приговорённый к высылке в 1966 году. III 332, 488."
Свидетели «Архипелага ГУЛАГ»,,,Бугаенко Наталья Ивановна,"Бугаенко Наталья Ивановна — учительница, заключённая в Ростове-на-Дону в 1933 году I 68"
Свидетели «Архипелага ГУЛАГ»,,,Бурковский Борис Васильевич,"Бурковский Борис Васильевич (1912—1985) — участник войны, капитан 2-го ранга, заключённый в Бутырской тюрьме и в Экибастузе, начальник филиала Военно-морского музея на крейсере «Аврора» I 25; III 49, 69, 448"
Свидетели «Архипелага ГУЛАГ»,,,Бурнацев Михаил,"Бурнацев Михаил — военнопленный, бежал из немецкого лагеря, заключённый[15] I 223"
Свидетели «Архипелага ГУЛАГ»,,,Бутаков Авлим,Бутаков Авлим
Свидетели «Архипелага ГУЛАГ»,,,Быков М. М.,Быков М. М. — корреспондент Солженицына. II 33
Свидетели «Архипелага ГУЛАГ»,,,Вайшнорас Юозас Томович,"Вайшнорас Юозас Томович (1911—1971) — профессор из Вильнюса, заключённый (Бутырская тюрьма, Боровичи, СевУраллаг, Степлаг; 1945—1955 годах."
Свидетели «Архипелага ГУЛАГ»,,,Васильев Владимир Александрович,"Васильев Владимир Александрович (1880-?) — инженер путей сообщения, гидротехник, профессор МВТУ, заключённый и ссыльный III 365—367, 369"
Свидетели «Архипелага ГУЛАГ»,,,Васильев Максим Васильевич,Васильев Максим Васильевич
Свидетели «Архипелага ГУЛАГ»,,,Ватрацков Л. В.,Ватрацков Л. В.
Свидетели «Архипелага ГУЛАГ»,,,Вельяминов С. В.,Вельяминов С. В.
Свидетели «Архипелага ГУЛАГ»,,,Вендельштейн Юрий Германович,"Вендельштейн Юрий Германович (умер в начале 1960-х) — учёный-химик, с 1916 года работал в Центральной научно-исследовательской лаборатории Акционерного общества «Русскокраска» под руководством Николая Ворожцова (старшего)[16], заключённый с 1930-х, в конце 1940-х — начале 1950-х ссыльный учитель средней школы в селе Большой Улуй в Красноярском крае[17]. III 407."
Свидетели «Архипелага ГУЛАГ»,,,Венедиктова Галина Дмитриевна,"Венедиктова Галина Дмитриевна (род. 1927 в Москве) — дочь расстрелянного в 1937 году рабочего Д. Н. Венедиктова, с 1938 года в детдоме, фельдшер детской инфекционной клиники в Омске. Арестована 18 сентября 1951 года. 28 ноября 1951 года Омским областным судом по обвинению по ст. 58-10 ч. 1 УК РСФСР приговорена к 10 годам ИТЛ с последующим поражением в правах на 3 года. 18 июня 1954 года мера наказания снижена до пяти лет по амнистии. Реабилитирована 11 июня 1960 года Президиумом Верховного Суда РСФСР[18]. II 197, 373, 495, III 312, 412."
Свидетели «Архипелага ГУЛАГ»,,,Вербовский С. Б.,Вербовский С. Б. — бывший заключённый III 404
Свидетели «Архипелага ГУЛАГ»,,,Вестеровская Анастасия,Вестеровская Анастасия — бывшая заключённая III 408
Свидетели «Архипелага ГУЛАГ»,,,Виноградов Борис Михайлович,"Виноградов Борис Михайлович (1906—1955, умер в заключении) — инженер-путеец, заключённый с 1941 года II 260, 261"
Свидетели «Архипелага ГУЛАГ»,,,Винокуров Н. М.,Винокуров Н. М.
Свидетели «Архипелага ГУЛАГ»,,,Витковский Дмитрий Петрович,"Витковский Дмитрий Петрович (1901—1966) — инженер-химик, ссыльный и заключённый с 1926 года (Енисейск, Соловки, Белбалтлаг, Тулома, Владимирская тюрьма), автор мемуаров «Полжизни». I 101, 121, II 66, 79, 120, 252, III 310."
Свидетели «Архипелага ГУЛАГ»,,,Власов Василий Григорьевич,"Власов Василий Григорьевич (1902—1986) — заведующий Кадыйским райпо, заключённый, приговорён к расстрелу с заменой на 20 лет в 1937—1955 годах. I 30, 148, 385—388, 390—394, 411—416, 497 II 128—130, 211, 220, 437, 504, 514, фото № 29, III 108, 202, 447."
Свидетели «Архипелага ГУЛАГ»,,,Войченко Михаил Афанасьевич,"Войченко Михаил Афанасьевич — бывший заключённый, I 508."
Свидетели «Архипелага ГУЛАГ»,,,Волков Олег Васильевич,"Волков Олег Васильевич (1900—1996) — писатель, переводчик, заключённый и ссыльный неоднократно (1928—1955), автор мемуаров «Погружение во тьму». II 36, 175."
Свидетели «Архипелага ГУЛАГ»,,,Гарасёва Анна Михайловна,"Гарасёва Анна Михайловна (1902—1994) — медсестра, геолог, заключённая и ссыльная (1925—1930), автор мемуаров «Я жила в самой бесчеловечной стране…». I 421"
Свидетели «Архипелага ГУЛАГ»,,,Гарасёва Татьяна Михайловна,"Гарасёва Татьяна Михайловна (1901—?) — медсестра, библиотекарь, заключённая и ссыльная (1925—1929, 1936—1947, 1948—1954). II 280."
Свидетели «Архипелага ГУЛАГ»,,,Гер Р. М.,Гер Р. М. — заключённый II 446
Свидетели «Архипелага ГУЛАГ»,,,Герценберг Перец Моисеевич,"Герценберг Перец Моисеевич (1919—1989) — заключённый (спецобъект Марфино), с 1974 года в эмиграции. II 241, 288."
Свидетели «Архипелага ГУЛАГ»,,,Гершуни Владимир Львович,"Гершуни Владимир Львович (1930—1994) — племянник Григория Гершуни, детдомовец, студент, заключённый (1949—1955, 1969—1974, 1982—1987), правозащитник"
Свидетели «Архипелага ГУЛАГ»,Архипелаг ГУЛаг,,Гинзбург Вениамин Лазаревич,"Гинзбург Вениамин Лазаревич — заключённый, в «Архипелаге ГУЛАГ» цитируется письмо Гинзбурга «А буква у меня в лагере была Ы.<…> А паспорт мне выдали серии ЗК!»[6]:413"
Свидетели «Архипелага ГУЛАГ»,,,Глебов Алексей Глебович,Глебов Алексей Глебович
Свидетели «Архипелага ГУЛАГ»,,,Говорко Николай Каллистратович,"Говорко Николай Каллистратович (1907—1987) — геолог, заключённый (Вятлаг, Воркутлаг; 1941—1949) II 168-9, 261"
Свидетели «Архипелага ГУЛАГ»,,,Голицын Всеволод Петрович,"Голицын Всеволод Петрович — сын уездного врача[12]:271, инженер-дорожник, заключённый, приговорён к смертной казни, 140 дней провёл в камере смертников[2]:408, после чего расстрел заменён на 15-летний срок и пожизненную ссылку. В письме к Солженицыну тем не менее назвал себя «беспартийным большевиком»[12]:272."
Свидетели «Архипелага ГУЛАГ»,,,Гольдовская Виктория Юльевна,"Гольдовская Виктория Юльевна (1912—1974) — инженер, редактор Колымского радиокомитета, заключённая (1949—1954), поэт III 444"
Свидетели «Архипелага ГУЛАГ»,Архипелаг ГУЛаг,,Голядкин Андрей Дмитриевич,"Голядкин Андрей Дмитриевич — художник, заключённый с 1941 года[19], знакомство с Солженицыным состоялось через Николая Зубова, от которого Андрей Голядкин привозил из Крыма письма. Голядкин был шафером на венчании Александра Солженицына и Наталии Светловой[20]:126. В «Архипелаге ГУЛАГ» приведён лагерный рисунок Андрея Голядкина — «Культбригада», состоящая из приезжих «крепостных» артистов[12]:397."
Свидетели «Архипелага ГУЛАГ»,,,Голядкина Елена Михайловна,Голядкина Елена Михайловна
Свидетели «Архипелага ГУЛАГ»,,,Горшунов Владимир Сергеевич,"Горшунов Владимир Сергеевич (1902, Пермь — ?) — заключённый, в июле 1943 года призван Нижне-Салдинским районным военкоматом (Свердловская область), воевал на 1-м Прибалтийском фронте. 27 ноября 1944 года арестован и осуждён по статье 58-10 ч. 2 на 8 лет заключения и 3 года поражения в правах[21]. Лагерный автор в 1940-е годы. II 106, 394."
Свидетели «Архипелага ГУЛАГ»,,,Григорьев Григорий Иванович,"Григорьев Григорий Иванович (1906-?) — почвовед, заключённый и ссыльный неоднократно (1937—1939, 1942, в 1945 году осуждён на 10 лет), в войну дважды в немецком плену. II 339, 507,508"
Свидетели «Архипелага ГУЛАГ»,,,Григорьева Анна Григорьевна,Григорьева Анна Григорьевна
Свидетели «Архипелага ГУЛАГ»,,,Гродзенский Яков Давыдович,"Гродзенский Яков Давыдович (1906—1971) — товарищ Варлама Шаламова, оставившего о Грозденском воспоминания[22][23]. Заключённый (Воркута, 1935—1950), житель Рязани. Опубликована переписка с Шаламовым 1960-х — начала 1970-х годов[24]. Его сын Сергей Гродзенский был учеником Солженицына в рязанской школе[25]. II 509"
Свидетели «Архипелага ГУЛАГ»,Архипелаг ГУЛаг,,Деева А.,"Деева А. — учительница, упоминается в Архипелаге ГУЛАГ в связи с тем, что была уволена «за моральное разложение», так как «она уронила престиж учителя», выйдя замуж за … освободившегося заключённого, которому преподавала в лагере[6]:404."
Свидетели «Архипелага ГУЛАГ»,,,Джигурда Анна Яковлевна,Джигурда Анна Яковлевна
Свидетели «Архипелага ГУЛАГ»,,,Диклер Франк,"Диклер Франк — иммигрант из Бразилии, з/к — в 1937 году под воздействием советской пропаганды на греческом судне радистом приплыл в Ленинград, сбежал на берег. Был репрессирован. 2-314-315 3-410"
Свидетели «Архипелага ГУЛАГ»,,,Добряк Иван Дмитриевич,Добряк Иван Дмитриевич — з/к Сталинградская область 1938. 1-264 2-161-3-410
Свидетели «Архипелага ГУЛАГ»,,,Долган Александр Майкл,"Долган Александр Майкл (1926—1986) — сын американского инженера, с 1940 в правовой школе при посольстве США в Москве, з/к (1943-56), в 1971 вернулся в США. I 26, 125, 126, 171, 172, 528."
Свидетели «Архипелага ГУЛАГ»,,,Дояренко Евгения Алексеевна,"Дояренко Евгения Алексеевна (1902—1966) — дочь А. Г. Дояренко, геоботаник, з/к в Лубянской тюрьме в 1921 г. I 30, 47, 60, 100; III 409"
Свидетели «Архипелага ГУЛАГ»,,,Елистратова Любовь Семёновна,Елистратова Любовь Семёновна
Свидетели «Архипелага ГУЛАГ»,,,Ермолов Юрий Константинович,"Ермолов Юрий Константинович (1929 г. р.) — школьник, жил на ст. Егоршино Свердловской обл., учился в школе 56 в г. Молотов. Арестован 18 февраля 1943 г., по приговору от 1 апреля 1944 г. направлен в трудовую воспитательную колонию[26] 2-363-365, 372"
Свидетели «Архипелага ГУЛАГ»,,,Есенин-Вольпин Александр Сергеевич,"Есенин-Вольпин Александр Сергеевич (род. 1924 г.) — сын С. А. Есенина, математик, з/к и ссыльный (1949—1953), правозащитник, с 1972 в эмиграции."
Свидетели «Архипелага ГУЛАГ»,,,Ефимова-Овсиенко,Ефимова-Овсиенко
Свидетели «Архипелага ГУЛАГ»,,,Жебеленко Николай Петрович,Жебеленко Николай Петрович
Свидетели «Архипелага ГУЛАГ»,,,Жуков Виктор Иванович,"Жуков Виктор Иванович — бывший з/к, житель Коврова 2-528 3-403"
Свидетели «Архипелага ГУЛАГ»,,,Заболовский Ефим Яковлевич,"Заболовский Ефим Яковлевич (1898-?) — зам. начальника Управления милиции Северо-Осетинской АССР, в 1939 осуждён на 5 лет 1-79"
Свидетели «Архипелага ГУЛАГ»,,,Задорный Владилен,"Задорный Владилен (1933—1968) — сын репрессированного, солдат внутренних войск (охранник в Ныроблаге, 1951-53), поэт 2-454-455 3-201-203"
Свидетели «Архипелага ГУЛАГ»,,,Зарин В. М.,Зарин В. М. — з/к II 271
Свидетели «Архипелага ГУЛАГ»,,,Зведре Ольга Юрьевна,"Зведре Ольга Юрьевна (1898—1975) — сотрудник латышской секции Коминтерна, з/к и ссыльная (Колыма, 1937—1953)"
Свидетели «Архипелага ГУЛАГ»,,,Зданюкевич Александр Климентьевич,"Зданюкевич Александр Климентьевич (1884-?) — инженер, преподаватель МВТУ, ссыльный (Кок-Терек, 1953) 3-376"
Свидетели «Архипелага ГУЛАГ»,,,Зобунков,Зобунков
Свидетели «Архипелага ГУЛАГ»,,,Зубов Николай Иванович,"Зубов Николай Иванович (1895—1983) — врач, з/к и ссыльный (1942—1956). II:150, 181, 191"
Свидетели «Архипелага ГУЛАГ»,,,Зубова Елена Александровна,"Зубова Елена Александровна (1903—1983) — библиограф, медсестра, жена Н. И. Зубова, з/к и ссыльная (1942-56) 2-150"
Свидетели «Архипелага ГУЛАГ»,,,Ивакин Василий Алексеевич,"Ивакин Василий Алексеевич — з/к (Краслаг, Решёты; 1960-е) III:461, 466"
Свидетели «Архипелага ГУЛАГ»,,,Иванов Вячеслав Всеволодович,"Иванов Вячеслав Всеволодович (1929—2017) — филолог, сын Вс. Вяч. Иванова"
Свидетели «Архипелага ГУЛАГ»,,,Ивашёв-Мусатов Сергей Михайлович,"Ивашёв-Мусатов Сергей Михайлович[27] (1900—1992)— художник, з/к (спецобъект Марфино, Степлаг; 1947-56) 2-509"
Свидетели «Архипелага ГУЛАГ»,,,Инчик Вера,"Инчик Вера — з/к (Ейск, 1937) II:372"
Свидетели «Архипелага ГУЛАГ»,,,Кавешан В. Я.,"Кавешан В. Я. — калужанин, сын з/к 2:518"
Свидетели «Архипелага ГУЛАГ»,,,Каган Виктор Кусиэлевич,"Каган Виктор Кусиэлевич (1920 г. р.) — студент, рядовой ополчения в 1941, инженер, з/к (1945-55), с 1975 в эмиграции. 1-533"
Свидетели «Архипелага ГУЛАГ»,,,Кадацкая Мария Венедиктовна,Кадацкая Мария Венедиктовна — жена з/к 3-414
Свидетели «Архипелага ГУЛАГ»,,,Каденко,"Каденко — матрос, в 1941 интернирован шведскими властями, з/к I:89"
Свидетели «Архипелага ГУЛАГ»,,,Калганов Александр,"Калганов Александр — бывший чекист (Ташкент, 1930-е) 1-79"
Свидетели «Архипелага ГУЛАГ»,,,Калинина М. И.,"Калинина М. И. — бывшая з/к, корреспондент А. Солженицына II:393; III:410"
Свидетели «Архипелага ГУЛАГ»,,,Каллистов Дмитрий Павлович,"Каллистов Дмитрий Павлович (1904—1973) — историк античности, одноделец Д. С. Лихачёва (Шпалерная, Соловки, Белбалтлаг, Дмитлаг; 1928-34) ;II:45"
Свидетели «Архипелага ГУЛАГ»,,,Каминов Игорь,Каминов Игорь — бывший з/к 3-405
Свидетели «Архипелага ГУЛАГ»,,,Каминский Юрий Фёдорович,Каминский Юрий Фёдорович
Свидетели «Архипелага ГУЛАГ»,Архипелаг ГУЛаг,,Карбе Юрий Васильевич,"Карбе Юрий Васильевич — (1913—1968) — инженер, з/к (Карлаг, Экибастуз), знакомый Солженицына по Экибастузу, бывал у него в Рязани[28]:441. В «Архипелаге ГУЛАГ» упомянуто, что инженер Карбе на Карабасской пересылке был зарегистрирован в 433 тысяче в 1942 году[2]:483."
Свидетели «Архипелага ГУЛАГ»,,,Карпунич,"Карпунич (Карпунич-Бравен) Иван Семёнович (1901-?) — белорус, в Гражданскую войну — комбриг, командир 40-й стрелковой дивизии, командир 12-го стрелкового корпуса[29], партизан, главный бухгалтер спиртзавода в г. Нальчик, жил на станции Баланда Приволжской железной дороге. 23 июня 1936 г. арестован Баландинским РО УНКВД. 3 ноября 1936 г. приговорён Особым совещанием при НКВД СССР по обвинению в антисоветской деятельности к заключению на 5 лет[30]. Отбывал на Колыме. Реабилитирован 29 октября 1956 г. Саратовским областным судом. I:27, 116, 117, 125; II: 98, 99, 103; III:402, 413"
Свидетели «Архипелага ГУЛАГ»,,,Картель Илья Алексеевич,"Картель Илья Алексеевич (1911—1990) — журналист, з/к (1937-43), педагог, соавтор сб. мемуаров «Пока дышу — надеюсь» (Кемерово, 1991) III:40"
Свидетели «Архипелага ГУЛАГ»,,,Касьянов Александр,Касьянов Александр
Свидетели «Архипелага ГУЛАГ»,,,Каупуж Анна Владиславовна Anna Kaupuža,Каупуж Анна Владиславовна Anna Kaupuža (1924—1994) — филолог-полонист из Вильнюса
Свидетели «Архипелага ГУЛАГ»,,,Кекушев Николай Львович,"Кекушев Николай Львович (1898—1978) — полярник, з/к (1931, 1948-55), автор мемуаров «Звериада»"
Свидетели «Архипелага ГУЛАГ»,,,Киула Константин,"Киула Константин — з/к, автор тюремных стихов (Бутырки, 1945) I:534"
Свидетели «Архипелага ГУЛАГ»,,,Княгинин Вячеслав Ильич,Княгинин Вячеслав Ильич
Свидетели «Архипелага ГУЛАГ»,Архипелаг ГУЛаг,,"Ковач, Роза","Ковач, Роза в советских документах Розалия Николаевна Ковач (1925 года рождения) — дочь американского коммуниста, венгра по происхождению, детдомовка, политзаключенная, свидетель «Архипелага ГУЛАГа». Родилась в 1925 г. в США в окрестностях Филадельфии[12]:374. Отец по происхождению венгр[31]. Малолетней была привезена отцом коммунистом[31] в СССР. Ковачи вместе с ещё 39 американскими семьями, приехали создавать коммуну под Каховкой[12]:261. В 1937[31] году отец был арестован. 12-летнюю Розу поместили в детский приемник НКВД[12]:374, затем в детский дом[31]. Школу не окончила, образование неполное среднее[32]. Во время войны на фронте. После войны оказалась в американской оккупационной зоне. Вернулась в СССР[12]:374. Вернувшись, жила в Караганде. 2 ноября 1949 г. арестована УМГБ по Карагандинской области. Только через 5 с половиной лет, 9 февраля 1955[33] года, приговорена Военным Трибуналом войск МВД Казахстана к 25 годам ИТЛ. 26 мая 1964 года Верховным Судом Казахской ССР реабилитирована с формулировкой «за отсутствием состава преступления»[32]. Известно, что отец Розы, Николай Ковач, также выжил и после реабилитации отказался получать партбилет[12]:261. Сведений о дальнейшей судьбе Розы Ковач нет. А. И. Солженицын в «Архипелаге ГУЛАГ» дважды ссылается на сведения, полученные от Розы Ковач. В главе «Малолетки» второго тома «Архипелага ГУЛАГ» он привёл рассказ о её судьбе[34]."
Свидетели «Архипелага ГУЛАГ»,,,Козак Ольга Петровна,"Козак Ольга Петровна — жена геолога, ссыльная II:438"
Свидетели «Архипелага ГУЛАГ»,,,Козаков Виктор Сергеевич,Козаков Виктор Сергеевич
Свидетели «Архипелага ГУЛАГ»,,,Козырев Николай Александрович,"Козырев Николай Александрович (1908—1983) — астроном, профессор, з/к (Дмитровск, Норильлаг; 1936-45) I 436,437,439"
Свидетели «Архипелага ГУЛАГ»,,,Колокольнев Иван Кузьмич,Колокольнев Иван Кузьмич
Свидетели «Архипелага ГУЛАГ»,,,Колпаков Алексей Павлович,Колпаков Алексей Павлович — корреспондент А. Солженицына I:98
Свидетели «Архипелага ГУЛАГ»,,,Колпаков С.,Колпаков С.
Свидетели «Архипелага ГУЛАГ»,,,Комогор Леонид Александрович,"Комогор Леонид Александрович — сын репрессированного, боец-окруженец 2-й Ударной армии, з/к и ссыльный (1942—1956), с 1972 в эмиграции 2-103 3-403"
Свидетели «Архипелага ГУЛАГ»,,,Кононенко Марк Иванович,Кононенко Марк Иванович — з/к на Колыме 2-101
Свидетели «Архипелага ГУЛАГ»,,,Кончиц Андрей Андреевич,Кончиц Андрей Андреевич (1918—2002) — сержант-вычислитель в батарее А. Солженицына.
Свидетели «Архипелага ГУЛАГ»,,,Копелев Лев Зиновьевич,"Копелев Лев Зиновьевич (1912—1997)— филолог, писатель, з/к (1929, 1945-54), автор мемуаров «Утоли моя печали» II:520;I II:395,407,410"
Свидетели «Архипелага ГУЛАГ»,,,Корнеев Иван Алексеевич,"Корнеев Иван Алексеевич (1902—?) — библиограф, з/к и ссыльный (Лубянка, Владимирская тюрьма, Казахстан; 1946-56) I:149, 435, 436, 458"
Свидетели «Архипелага ГУЛАГ»,,,Корнеева Вера Алексеевна,"Корнеева Вера Алексеевна (1906—1999) — сестра И. А. Корнеева, з/к и ссыльная (Карлаг, Казахстан; 1946-54), прихожанка катакомбной церкви, позднее духовная дочь о. Александра Меня[35] I: 110, 162, 163, 259, 447, 473; III: 406"
Свидетели «Архипелага ГУЛАГ»,,,Кравченко Наталья Ивановна,Кравченко Наталья Ивановна
Свидетели «Архипелага ГУЛАГ»,,,Кузнецова К. И.,Кузнецова К. И.
Свидетели «Архипелага ГУЛАГ»,,,Ладыженская Ольга Александровна,"Ладыженская Ольга Александровна (1922—2004) — математик, академик РАН"
Свидетели «Архипелага ГУЛАГ»,,,Лазутина Раиса Александровна,Лазутина Раиса Александровна — бывшая з/к
Свидетели «Архипелага ГУЛАГ»,,,Ларина Анна Михайловна,"Ларина Анна Михайловна (1914—1996) — дочь Ю. Ларина, жена Н. И. Бухарина, автор мемуаров «Незабываемое»"
Свидетели «Архипелага ГУЛАГ»,,,Левин Меер Овсеевич,Левин Меер Овсеевич
Свидетели «Архипелага ГУЛАГ»,,,Левитская Надежда Григорьевна,"Левитская Надежда Григорьевна (1925—2020) — дочь Г. А. Левитского, студентка Латвийского университета, з/к (Унжлаг, 1951-55), автор (и соавтор) книг по библиографии А. Солженицына I:27"
Свидетели «Архипелага ГУЛАГ»,,,Лесовик Светлана Александровна,Лесовик Светлана Александровна — бывшая з/к
Свидетели «Архипелага ГУЛАГ»,,,Лиленков И.,Лиленков И.
Свидетели «Архипелага ГУЛАГ»,,,Липай И. Ф.,"Липай И. Ф. — крестьянин, з/к II: 209, 241, 335, 440"
Свидетели «Архипелага ГУЛАГ»,,,Липшиц Самуил Адольфович,"Липшиц Самуил Адольфович (1904-?) — инженер-электрик, з/к 1943 (Красноярская пересылка, Экибастуз) — 3-339"
Свидетели «Архипелага ГУЛАГ»,,,Лихачёв Дмитрий Сергеевич,"Лихачёв Дмитрий Сергеевич (1906—1999) — литературовед, з/к (Шпалерная, Соловки, БелБалтлаг; 1928—1932), академик РАН, автор книги «Воспоминания» I:62; II:36, 212, 409"
Свидетели «Архипелага ГУЛАГ»,,,Лобанов,Лобанов
Свидетели «Архипелага ГУЛАГ»,,,Лощилин Степан Васильевич,"Лощилин Степан Васильевич (1908-?) — рабочий, з/к с 1937 (Волголаг, Ульяновская тюрьма, колония; 1937—1941, 1945) I:509, 513; II: 187, 209, 235, 539—544"
Свидетели «Архипелага ГУЛАГ»,,,Лукьянов В. В.,Лукьянов В. В.
Свидетели «Архипелага ГУЛАГ»,,,Лунин,"Лунин — отставной полковник, сотрудник Осоавиахима, з/к (Бутырки, 1946) I:475"
Свидетели «Архипелага ГУЛАГ»,,,Макеев Алексей Филиппович,"Макеев Алексей Филиппович (1913-?) — учитель, майор, з/к с 1941 (трижды осуждён, участник Кенгирского восстания) III: 269, 270, 272, 276, 277, 280, 282, 288, 289, 340"
Свидетели «Архипелага ГУЛАГ»,,,Маковоз Григорий Самойлович,"Маковоз Григорий Самойлович — секретарь райкома, з/к с 1942, ccыльный (Кок-Терек, 1951) III: 379, 381, 387—389"
Свидетели «Архипелага ГУЛАГ»,,,Малявко-Высоцкая Нина Константиновна,Малявко-Высоцкая Нина Константиновна
Свидетели «Архипелага ГУЛАГ»,,,Маркелов Даниил Ильич,"Маркелов Даниил Ильич — з/к, после реабилитации председатель месткома артели III: 404"
Свидетели «Архипелага ГУЛАГ»,,,Мартынюк Павло Романович,Мартынюк Павло Романович
Свидетели «Архипелага ГУЛАГ»,,,Матвеева С. П.,Матвеева С. П. — жена з/к (арестован муж и три брата) I:81
Свидетели «Архипелага ГУЛАГ»,,,Межова Изабелла Адольфовна,"Межова Изабелла Адольфовна — дочь А. Ю. Добровольского, эссера, члена общества политкаторжан и ссыльнопоселенцев II:519"
Свидетели «Архипелага ГУЛАГ»,,,Мейке Виктор Александрович,"Мейке Виктор Александрович (ум. 1992) — ссыльный финн-ингерманландец, химик III:347"
Свидетели «Архипелага ГУЛАГ»,,,Мейке Ирина Емельяновна,"Мейке Ирина Емельяновна (р. 1921) — врач-онколог, жена В. А. Мейке"
Свидетели «Архипелага ГУЛАГ»,,,Милючихин Валентин Егорович,"Милючихин Валентин Егорович — з/к, бригадир (Усть-Нера, Якутия) II:351"
Свидетели «Архипелага ГУЛАГ»,,,Митрович Георгий Степанович,"Митрович Георгий Степанович — серб, з/к и ссыльный (Колыма, Кок-Терек) I:102; II:310; III:335, 338, 386, 387"
Свидетели «Архипелага ГУЛАГ»,,,Нагель Ирина Анатольевна,"Нагель Ирина Анатольевна — з/к, машинистка адмчасти (совхоз Ухта) II:339"
Свидетели «Архипелага ГУЛАГ»,,,Недов Леонид Иванович,"Недов Леонид Иванович (1924—2007) — солдат, скульптор, з/к (Тирасполь, ИТК-2)[36] II:392, рис.30 между с.546-547; III: фото No7 нас. 422. 441, 442"
Свидетели «Архипелага ГУЛАГ»,,,Некрасов Николай Алексеевич,Некрасов Николай Алексеевич
Свидетели «Архипелага ГУЛАГ»,,,Никитин Вячеслав,Никитин Вячеслав
Свидетели «Архипелага ГУЛАГ»,,,Никитин Иван Иванович,Никитин Иван Иванович
Свидетели «Архипелага ГУЛАГ»,,,Никитина Ксения Ивановна,"Никитина Ксения Ивановна — вдова баптистского пресвитера, з/к Никитина (умер в лагере) (см.) II: 516. 518"
Свидетели «Архипелага ГУЛАГ»,,,Никляс Анна,Никляс Анна
Свидетели «Архипелага ГУЛАГ»,,,Оленёв Александр Яковлевич,"Оленёв Александр Яковлевич (1902-?) — колхозник из д. Опалиха Кстовский района, Нижегородского края. Арестован 23 июня 1935 г. 17 сентября 1935 г. приговорён Краевым судом по статье 58-10 к 6 годам заключения в лагерях НКВД[37] I:519; III:412 в 1902 г. русский; колхозник."
Свидетели «Архипелага ГУЛАГ»,,,Олицкая Екатерина Львовна,"Олицкая Екатерина Львовна (1899—1974) — эсерка, з/к и ссыльная (с 1924 неоднократно), автор книги «Мои воспоминания» I:31, 421, 427, 429, 433; II: 186, 246, 269"
Свидетели «Архипелага ГУЛАГ»,,,Олухов Пётр Алексеевич,"Олухов Пётр Алексеевич — директор магазина, з/к (Тирасполь, 1960-е) III:462"
Свидетели «Архипелага ГУЛАГ»,,,Орлова Елена Михайловна,"Орлова Елена Михайловна (1905-?) — з/к с 1938 (Бутырки, Карлаг) II:103; II:187"
Свидетели «Архипелага ГУЛАГ»,,,Орловский Эрнст Семёнович,"Орловский Эрнст Семёнович (1929—2003) — сын расстрелянной, публицист-правозащитник"
Свидетели «Архипелага ГУЛАГ»,,,Острецова Александра Ивановна,"Острецова Александра Ивановна в замужестве Белякова (1914-?) — з/к и ссыльная (Лубянка, Калужская застава, Бурят-Монголия; 1944-56), экономист II:182,404"
Свидетели «Архипелага ГУЛАГ»,,,Павлов Борис Александрович,Павлов Борис Александрович
Свидетели «Архипелага ГУЛАГ»,,,Павлов Гелий Владимирович,"Павлов Гелий Владимирович (1931—1992) — саратовский школьник, з/к (Заковск, колония № 2; 1943-49) II:372"
Свидетели «Архипелага ГУЛАГ»,,,Пашина Елена Анатольевна,"Пашина Елена Анатольевна — из 2-й эмиграции (1943), многолетний сотрудник библиотеки Гуверовского института"
Свидетели «Архипелага ГУЛАГ»,,,Перегуд Нина Фёдоровна,"Перегуд Нина Фёдоровна (1924 г. р.) — тамбовская школьница, з/к (1941—1946) II: 189, 374, 486, 521, 522"
Свидетели «Архипелага ГУЛАГ»,,,Петров Александр Александрович,Петров Александр Александрович
Свидетели «Архипелага ГУЛАГ»,,,Петропавловский Алексей Николаевич,"Петропавловский Алексей Николаевич — сын расстрелянного, житель Риги (1960) III:403"
Свидетели «Архипелага ГУЛАГ»,,,Пикалов Пётр,"Пикалов Пётр — репатриирован в СССР после войны, з/к III:43,44"
Свидетели «Архипелага ГУЛАГ»,,,Пинхасик М. Г.,"Пинхасик М. Г. — беженец из немецкой части Польши в СССР, з/к I:84"
Свидетели «Архипелага ГУЛАГ»,,,Писарев И. Г.,"Писарев И. Г. — з/к, корреспондент А. Солженицына II:510; III:466"
Свидетели «Архипелага ГУЛАГ»,,,Пичугин В.,"Пичугин В. — з/к на золотых приисках, корреспондент А. Солженицына III: 459, 460, 467"
Свидетели «Архипелага ГУЛАГ»,,,Пластар Валентин Петрович,Пластар Валентин Петрович
Свидетели «Архипелага ГУЛАГ»,,,Полев Геннадий Фёдорович,"Полев Геннадий Фёдорович — бывший з/к, корреспондент А. Солженицына III:416"
Свидетели «Архипелага ГУЛАГ»,,,Политова Н. Н.,Политова Н. Н.
Свидетели «Архипелага ГУЛАГ»,,,Польский Леонид Николаевич,"Польский Леонид Николаевич — журналист, з/к"
Свидетели «Архипелага ГУЛАГ»,,,Попков А.,Попков А.
Свидетели «Архипелага ГУЛАГ»,,,Поспелов В. В.,"Поспелов В. В. — бывший з/к, корреспондент А. Солженицына III:406"
Свидетели «Архипелага ГУЛАГ»,,,Постоева Наталья Ивановна,"Постоева Наталья Ивановна (1905—1989) — ленинградский математик, з/к (в 1942 приговорена к расстрелу с заменой на 10 лет, отбывала срок в Инталаге) I:164, 410; II:182"
Свидетели «Архипелага ГУЛАГ»,,,Пося Пётр Никитич,Пося Пётр Никитич — корреспондент А. Солженицына
Свидетели «Архипелага ГУЛАГ»,,,Потапов Михаил Яковлевич,"Потапов Михаил Яковлевич — учитель, сослуживец А. Солженицына по школе в Рязани, з/к (1940-е, 1960-е) II:241; III:490-493"
Свидетели «Архипелага ГУЛАГ»,,,Потапов Сергей,"Потапов Сергей — з/к (Владимир, 1948; этап Владивосток—Сахалин, 1950) I:124, 516"
Свидетели «Архипелага ГУЛАГ»,,,Пронман Измаил Маркович,"Пронман Измаил Маркович — з/к, доктор технических наук II:442; III:407"
Свидетели «Архипелага ГУЛАГ»,,,Прохоров-Пустовер,"Прохоров-Пустовер — инженер, з/к (БАМлаг, 1930-е) II:187, 262, 280; III:401"
Свидетели «Архипелага ГУЛАГ»,,,Прыткова Тамара Александровна,Прыткова Тамара Александровна — з/к III:410
Свидетели «Архипелага ГУЛАГ»,,,Птицын Пётр Николаевич,"Птицын Пётр Николаевич (1908-?) — бухгалтер совхозав Старорусском районе, з/к с 1937 II:245"
Свидетели «Архипелага ГУЛАГ»,,,Пунич Иван Аристаулович,"Пунич Иван Аристаулович — учитель, з/к I:81"
Свидетели «Архипелага ГУЛАГ»,,,Пупышев Иван Алексеевич,Пупышев Иван Алексеевич — корреспондент А.Солженицына I:108
Свидетели «Архипелага ГУЛАГ»,,,Радонский,Радонский
Свидетели «Архипелага ГУЛАГ»,,,Раппопорт Арнольд Львович,"Раппопорт Арнольд Львович (1908-?) — инженер, з/к и ссыльный (Архангельская тюрьма, Воркута, Экибастуз) I:259, 428, 429; II:309, 335, 446, 447; III: 105—107"
Свидетели «Архипелага ГУЛАГ»,,,Ретц Роланд Вильгельмович,"Ретц Роланд Вильгельмович (Васильевич) — з/к (Колыма), в ссылке начальник жилконторы II: 101; III:337, 409"
Свидетели «Архипелага ГУЛАГ»,,,Реут С.,Реут С.
Свидетели «Архипелага ГУЛАГ»,,,Рожаш Янош,"Рожаш Янош (1926—2012) — венгр, военнопленный, з/к (Экибастуз, 1944-53), вернулся на родину, лауреат Золотой медали Венгерской академии искусств 2003 за мемуары I:259; III:108-11"
Свидетели «Архипелага ГУЛАГ»,,,Романов Александр Дмитриевич,"Романов Александр Дмитриевич (1905-?) — инженер-электрик, з/к 1938 I:273"
Свидетели «Архипелага ГУЛАГ»,,,Рочев Степан Игнатьевич,Рочев Степан Игнатьевич
Свидетели «Архипелага ГУЛАГ»,,,Рубайло Александр Трофимович,"Рубайло Александр Трофимович — з/к, учитель-словесник II:504"
Свидетели «Архипелага ГУЛАГ»,,,Рудина Виктория Александровна,Рудина Виктория Александровна
Свидетели «Архипелага ГУЛАГ»,,,Рудинский,Рудинский (Петров) В.
Свидетели «Архипелага ГУЛАГ»,,,Рудковский С. М.,Рудковский С. М. — бывший з/к III:402
Свидетели «Архипелага ГУЛАГ»,,,Руднев,Руднев
Свидетели «Архипелага ГУЛАГ»,,,Рябинин Н. И.,Рябинин Н. И. — з/к во время войны II:240
Свидетели «Архипелага ГУЛАГ»,,,Самшель Нина,"Самшель Нина— дочь лагерного охранника, корреспондент А. Солженицына II:453"
Свидетели «Архипелага ГУЛАГ»,,,Сачкова Екатерина Фёдоровна,"Сачкова Екатерина Фёдоровна (1925-?)— из Краснодарского края, з/к (Норильлаг, сельхозколония; 1945-56) II:188,189"
Свидетели «Архипелага ГУЛАГ»,,,Сговио Томас Иосифович,"Сговио Томас Иосифович (1916—1997) — художник, сын иммигранта из США, з/к и ссыльный (Колыма, Красноярский край; 1938—1954), вернулся в США, автор мемуаров «Дорогая Америка!» II: 100, 170, 356, 440"
Свидетели «Архипелага ГУЛАГ»,,,Седова Светлана Борисовна,Седова Светлана Борисовна — «дочь изменника родины» с шести лет II:373
Свидетели «Архипелага ГУЛАГ»,В круге первом,,Семёнов Николай Андреевич,"Семёнов Николай Андреевич (1906—1996) — инженер-электротехник, один из разработчиков ДнепроГЭСа, доброволец на фронте в 1941, младший лейтенант, военнопленный с 1942-го, трижды бежал, освобождён, брал, как штрафник, Берлин, награждён орденом Красной звезды, з/к, друг А. И Солженицына по Бутырской тюрьме[2]:226, 533 и Марфинской шарашке, ему посвящено стихотворение «Воспоминание о Бутырской тюрьме»[28]:322, он же прототип героя «В круге первом», Андрея Андреевича Потапова, специалиста по сверхвысоким напряжениям. В заключении в тюремных конструкторских бюро (Загорск, с 1947 в Марфино), работал в измерительной лаборатории (с 1950), в «Туполевской шарашке» (с 1953). После освобождения в 1955 работал на строительстве Куйбышевской[28]:434, затем на Воткинской ГЭС. С 1966-го в Ленинграде работал в тресте «Электромонтаж»[38]."
Свидетели «Архипелага ГУЛАГ»,,,Семёнов Николай Яковлевич,"Семёнов Николай Яковлевич — житель Любима, з/к II:528, 529"
Свидетели «Архипелага ГУЛАГ»,,,Сергиенко Тамара Сергеевна,Сергиенко Тамара Сергеевна — переводчик в лагере немецких военнопленных II:441
Свидетели «Архипелага ГУЛАГ»,,,Синебрюхов Фёдор Александрович,"Синебрюхов Фёдор Александрович — з/к и ссыльный Череповец, Калужская застава в Москве; 1937-47) I:264; II:125,461"
Свидетели «Архипелага ГУЛАГ»,,,Сипягина Людмила Алексеевна,Сипягина Людмила Алексеевна
Свидетели «Архипелага ГУЛАГ»,,,Скачинский Александр Сергеевич,"Скачинский Александр Сергеевич (Кузиков-Скачинский)— з/к, писатель, эмигрант, составитель «Словаря блатного жаргона в СССР» II:323"
Свидетели «Архипелага ГУЛАГ»,,,Скрипникова Анна Петровна,"Скрипникова Анна Петровна (1896—1974)— преподаватель, з/к в 1920-59 неоднократно (Соловки, БелБалтлаг, Сиблаг, Дубравлаг, Владимирская тюрьма), автор книги «Соловки»— I:25, 47, 54, 101, 438, 452; II:53, 54, 78, 246, 259, 486, 533—539; III: 320, 417, 450, 451"
Свидетели «Архипелага ГУЛАГ»,,,Смелов Павел Георгиевич,Смелов Павел Георгиевич
Свидетели «Архипелага ГУЛАГ»,,,Снегирёв Владимир Николаевич,Снегирёв Владимир Николаевич — з/к II:372
Свидетели «Архипелага ГУЛАГ»,,,Соломин Илья Матвеевич,"Соломин Илья Матвеевич (р. 1921[источник не указан 2317 дней]) — сержант из батареи А. Солженицына, з/к (Колыма, 1948—1954[источник не указан 2317 дней]), инженер, с 1987 в эмиграции"
Свидетели «Архипелага ГУЛАГ»,,,Сорокин Геннадий Александрович,"Сорокин Геннадий Александрович — студент Челябинского пединститута, з/к с 1946 II:240, 321; III:405"
Свидетели «Архипелага ГУЛАГ»,,,Статников Анатолий Матусович,"Статников Анатолий Матусович — вольный начальник санотдела лагеря, онколог, канд. медицинских наук II:173"
Свидетели «Архипелага ГУЛАГ»,,,Степовой Александр Филиппович,"Степовой Александр Филиппович — солдат внутренних войск, з/к II:288, 289"
Свидетели «Архипелага ГУЛАГ»,,,Столярова Наталья Ивановна,"Столярова Наталья Ивановна (1912—1984) — дочь революционеров-эмигрантов, с 1934 в СССР, з/к (1937—1954), помощница А. Солженицына I:128; II:191,454; III:399,413"
Свидетели «Архипелага ГУЛАГ»,,,Стотик Александр Михайлович,"Стотик Александр Михайлович (1920—1987)— разведчик в войну, з/к и ссыльный до 1956 (Красная Пресня в Москве, Степлаг, Красноярский край), переводчик в издательстве III:108, 339, 340"
Свидетели «Архипелага ГУЛАГ»,,,Страхович Елена Викторовна,Страхович Елена Викторовна (урождённая Гаген-Торн; 1905—1996) — жена К. И. Страховича I:149
Свидетели «Архипелага ГУЛАГ»,,,Страхович Константин Иванович,"Страхович Константин Иванович (1904—1968)— аэрогидродинамик, профессор Ленинградского политехнического института, з/к и ссыльный в 1941-55 (в 1942 приговорён к расстрелу с заменой на 15 лет) I:149, 267, 403, 405, 408—410; II:319, 389; III:369"
Свидетели «Архипелага ГУЛАГ»,,,Струтинская Елена,Струтинская Елена — з/к I:111
Свидетели «Архипелага ГУЛАГ»,,,Сузи Арно,"Сузи Арно (1928—1993) — сын А. Ю. Сузи, студент, ссыльный (Хакасия, 1949-58), экономист, доцент Тартуского университета"
Свидетели «Архипелага ГУЛАГ»,,,Сузи Арнольд Юханович,"Сузи Арнольд Юханович (1896—1968) — адвокат, министр просвещения в эстонском правительстве (1944), з/к и ссыльный (Лубянка, Сиблаг, Хакасия; 1944-60)I:187, 190, 196, 197, 199, 208, 211, 268, 446, 458; II:368, 397, 490"
Свидетели «Архипелага ГУЛАГ»,,,Сузи Хели,"Сузи Хели (р. 1929) — дочь А. Ю. Сузи, студентка, ссыльная (Хакасия, 1949-58), окончила Тартуский университет, преподаватель немецкого языка в Музакадемии III:356"
Свидетели «Архипелага ГУЛАГ»,,,Сумберг Мария,"Сумберг Мария (1901-?)—ссыльная из Тарту (Здвинский район Новосибирской области, Сталинск; 1949—1958) III:352, 356, 357"
Свидетели «Архипелага ГУЛАГ»,,,Суровцева Надежда Витальевна,"Суровцева Надежда Витальевна (1896—1985) — переводчик, преподаватель Харьковского университета, з/к и ссыльная (1927—1956), автор мемуаров «Спогади» (фрагмент на рус. яз. в сб. «Доднесь тяготеет») I:57, 433, 437; II:48, 101, 181, 528; III:401, фото No5 на с. 421"
Свидетели «Архипелага ГУЛАГ»,,,Сусалов Рафаил Израилевич,Сусалов Рафаил Израилевич
Свидетели «Архипелага ГУЛАГ»,,,Сухомлина Татьяна Ивановна,"Сухомлина Татьяна Ивановна (1903—1998)— вернулась из эмиграции, з/к, певица и переводчица, автор мемуаров «Долгое будущее»"
Свидетели «Архипелага ГУЛАГ»,,,Сучков Федот Федотович,"Сучков Федот Федотович (1915—1991) — скульптор, поэт, з/к и ссыльный (1942—1955) II:18"
Свидетели «Архипелага ГУЛАГ»,,,Сущихин Сергей Фёдорович,Сущихин Сергей Фёдорович
Свидетели «Архипелага ГУЛАГ»,,,Табатеров Илья Данилович,"Табатеров Илья Данилович — музыкант из Рязани, з/к (БелБалтлаг, Березники; 1930-е) I:100, 124; II:75, 84, 449"
Свидетели «Архипелага ГУЛАГ»,,,Тарашкевич Георгий Матвеевич,Тарашкевич Георгий Матвеевич — бывший з/к II:490
Свидетели «Архипелага ГУЛАГ»,,,Тарновский В. П.,Тарновский В. П. — з/к (Колыма) III:414
Свидетели «Архипелага ГУЛАГ»,,,Твардовский Константин Трифонович,"Твардовский Константин Трифонович (1908—2002) — брат А. Т. Твардовского, селекционер, ссыльный III:317, 322"
Свидетели «Архипелага ГУЛАГ»,,,Терентьева Л. Я.,Терентьева Л. Я.
Свидетели «Архипелага ГУЛАГ»,,,Тимофеев-Ресовский Николай Владимирович,"Тимофеев-Ресовский Николай Владимирович (1900—1981) — биолог, работал в Германии (1925—1945), з/к (Лубянка, Бутырки, лагпункт Карлага Самарка, спецобъект Сунгуль; 1945—1951) I:145-146, 192, 447, 529—532, 534, 535; II:492"
Свидетели «Архипелага ГУЛАГ»,,,Тихонов Павел Гаврилович,"Тихонов Павел Гаврилович (р. 1908, д. Александровка Варненской вол. Челябинского уезда Оренбургской губернии) в 1936 окончил физмат Казанского университета. Беспартийный. Научный сотрудник Челябинского педагогического института. Арестован 21 января 1942. Обвинение по ст. 58-10 ч. 2 УК РСФСР. Осужден 18 июня 1942 областным судом на 10 лет ИТЛ и 5 лет лишения политических прав. С 9 июля 1942 в Норильлаге. Арестован вновь 8 апреля 1943 в лагере № 7 «Медвежий ручей». Приговорен 9 июня 1943 Таймырским окружным судом к расстрелу. Приговор изменён 10 августа 1943 СК по УД ВС РСФСР на 10 лет ИТЛ и 5 лет лишения политических прав с поглощением неотбытого наказания по прежнему приговору. Срок отбывал в Карагандинской области (Карлаг, Экибастуз). В ссылке с 1953 работал учителем физики на руднике Джезказгана и станции Нуринск Карагандинской области. Реабилитирован 14 мая 1958 ВС РСФСР (П-10135)[39][40]. Автор письма Солженицыну, на которое он ссылается в главе «Зэки на воле»[6]:403."
Свидетели «Архипелага ГУЛАГ»,,,Токмаков Мстислав Владимирович,"Токмаков Мстислав Владимирович (ум. 1983) — ротмистр гусарского полка, с 1920 в эмиграции"
Свидетели «Архипелага ГУЛАГ»,,,Трофимов Владимир,"Трофимов Владимир — з/к, активный участник подпольного сопротивления (Экибастуз, 1952) III: 236"
Свидетели «Архипелага ГУЛАГ»,Архипелаг ГУЛаг,,Тусэ Х. С.,"Тусэ Х. С. — з/к сталинских лет, житель (или жительница) города Шумерля Чувашской АССР. Автор письма в редакцию «Нового мира» с критикой повести «Один день Ивана Денисовича» — «можно ли ограничиться тем, что показано в повести». Фраза «Особенно нужно бы развенчать методы следствия (ванны с кислотами<…>)»[41]:164-165 отразилась в первых строках главы «Следствие» «Архипелага ГУЛАГ»[2]:98."
Свидетели «Архипелага ГУЛАГ»,,,Тхоржевский Сергей Сергеевич,"Тхоржевский Сергей Сергеевич (1927—2011[42]) — школьник, з/к и ссыльный (ленинградские тюрьмы, Воркута; 1944—1952), писатель, автор мемуаров «Открыть окно»."
Свидетели «Архипелага ГУЛАГ»,,,Тэнно Георгий Павлович,"Тэнно Георгий Павлович (1911—1967) — морской офицер, переводчик, спортсмен, з/к (Лефортово, Лубянка, Бутырки, Степлаг; 1948-56) I:259; II:525; III:70, 97, 113, 114"
Свидетели «Архипелага ГУЛАГ»,,,Улановская Надежда Марковна,"Улановская Надежда Марковна (1903—1986) — жена А. П. Улановкого, преподаватель английского языка, з/к (Лубянка, Лефортово, Воркута, Мордовия; 1948—1955), автор мемуаров «История одной семьи»"
Свидетели «Архипелага ГУЛАГ»,,,Улановский Александр Петрович,"Улановский Александр Петрович (Алексей Петрович, Израиль Хайкелевич; 1891—1971) — анархист, советский разведчик, з/к (1949-56) III:90, 91, 305"
Свидетели «Архипелага ГУЛАГ»,,,Улащик Ольга Николаевна,Улащик Ольга Николаевна
Свидетели «Архипелага ГУЛАГ»,,,Фадеев Ю. И.,Фадеев Ю. И.
Свидетели «Архипелага ГУЛАГ»,,,Фаликс Татьяна Моисеевна,"Фаликс Татьяна Моисеевна (урождённая Соколик; 1902-?) — педагог, ссыльная и з/к с 1925 неоднократно II:508"
Свидетели «Архипелага ГУЛАГ»,,,Филиппова Галина Петровна,Филиппова Галина Петровна — член наблюдательной комиссии Одесской тюрьмы (1963) III:465
Свидетели «Архипелага ГУЛАГ»,,,Формаков Арсений Иванович,"Формаков Арсений Иванович (1900—1983)— после революции в Латвии, учитель, поэт, прозаик, з/к и ссыльный (Краслаг, Тайшет, Омск; 1940—1947, 1949—1953). Солженицын пишет: «Арсений Формаков, человек почтенный и темперамента уравновешенного, рассказывает, что лагерь их был увлечён работой для фронта, он хотел это описать»[12]:106."
Свидетели «Архипелага ГУЛАГ»,,,Фурфанский Т. Е.,Фурфанский Т. Е.
Свидетели «Архипелага ГУЛАГ»,,,Хлебунов Николай Николаевич,"Хлебунов Николай Николаевич (1908-?) — з/к (УстьВымлаг, Экибастуз) III:234, 327"
Свидетели «Архипелага ГУЛАГ»,,,Хлодовский Всеволод Владимирович,"Хлодовский Всеволод Владимирович (?—10.09.2002, Зальцбург) — из первой эмиграции, в 1934 кадет 14-го выпуска 1-го Русского кадетского корпуса в г. Белая Церковь, Югославия, летом 1946 арестован СМЕРШ по обвинению в членстве в НТСНП, срок в Степлаге, во время оттепели с женой и дочкой уехал в Австрию, автор не опубликованных мемуаров[6]:616."
Свидетели «Архипелага ГУЛАГ»,,,Храбровицкий Александр Вениаминович,"Храбровицкий Александр Вениаминович (1912—1989) — краевед, литературовед"
Свидетели «Архипелага ГУЛАГ»,,,Цивилько Адольф Мечеславович,"Цивилько Адольф Мечеславович (1906-?) — рабочий-слесарь, кочегар на пароходе, з/к и ссыльный неоднократно (Ленинград, Казахстан, 1937—1950-е) I:143; III:337, 338, 343"
Свидетели «Архипелага ГУЛАГ»,,,Чавдаров Д. Г.,"Чавдаров Д. Г. — з/к (Красноярск, Норильлаг) I:272, 410; II:350"
Свидетели «Архипелага ГУЛАГ»,,,Чавчавадзе Ольга Ивановна,"Чавчавадзе Ольга Ивановна — жена з/к (Тбилиси, 1938) I:177; II:530"
Свидетели «Архипелага ГУЛАГ»,,,Чеботарёв Сергей Андреевич,"Чеботарёв Сергей Андреевич (1897-?) — служащий КВЖД, з/к (1933—1950-е с перерывами; после побега под фамилией Чупин) I: 111, 115, 116, 427, 428; II: 172, 326—330"
Свидетели «Архипелага ГУЛАГ»,,,Четверухин Серафим Ильич,"Четверухин Серафим Ильич (1911—1983) — инженер-картограф, з/к и ссыльный (1936-57) I:23"
Свидетели «Архипелага ГУЛАГ»,,,Чульпенёв Павел Васильевич,"Чульпенёв Павел Васильевич — лейтенант, з/к с 1941 (Монголия) I:112, 115, 116, 270; II:206, 447, 505, 525; III:405, 411, 416"
Свидетели «Архипелага ГУЛАГ»,,,Шавирин Ф. В.,"Шавирин Ф. В. — рабочий, з/к (Колыма) II:241; III:411"
Свидетели «Архипелага ГУЛАГ»,,,Шаламов Варлам Тихонович,"Шаламов Варлам Тихонович (1907—1982) — писатель, з/к и ссыльный (1929-32, 1937-56) I: 102; II:6, 101, 124, 160, 162, 165, 171, 174, 409, 502, 503, 506, 509; III: 99, 218, 498"
Свидетели «Архипелага ГУЛАГ»,,,Шаталов Василий Архипович,Шаталов Василий Архипович (р. 1916) — крестьянин-спецпереселенец
Свидетели «Архипелага ГУЛАГ»,,,Швед Иван Васильевич,"Швед Иван Васильевич (1904-?) — почтовый работник, з/к с 1942 (Мариинский лагерь, Норильск) II:336; III:402"
Свидетели «Архипелага ГУЛАГ»,,,Шелгунов Александр Васильевич,Шелгунов Александр Васильевич
Свидетели «Архипелага ГУЛАГ»,,,Шефнер Виктор Викентьевич,Шефнер Виктор Викентьевич
Свидетели «Архипелага ГУЛАГ»,Архипелаг ГУЛаг,,Шиповальников Виктор Георгиевич,"Шиповальников Виктор Георгиевич, мальчик Витя, о. Виктор (1915—2007[43]) — сержант Красной армии, священник (Одесса, Кишинёв; 1943—1945), з/к (Печора,1945—1947), протоиерей Троицкой церкви (ст. Удельная в Подмосковье). В «Архипелаге ГУЛАГ» упомянут в пяти эпизодах. В главе «Голубые канты» сказано о том, что молодой лейтенант-гебист за месяц до ареста уговаривал отца Виктора уехать, ему же досталось конвоировать[2]:161. В главе «Следствие» речь идёт об истязаниях, которым подверг о. Виктора кишинёвский следователь Данилов (избивал кочергой по затылку, таскал за косу)[2]:126. В главе «Вечное движение» как этап из Молдавии в январе 1945 привезли на Печору и погнали снежной целиной за 6 километров к лагерю. Овчарки, подгоняя, толкали зеков последнего ряда лапами в спину. Отец Виктор помогал идти пожилому о. Фёдору Флоре, арестованному с ним же[2]:513. В главе «Шизо, Буры, Зуры» — о том, как о. Виктор был отправлен в карцер за службу всенощной в лагере для пяти санитарок[12]:338. В главе «Мужичья чума» по воспоминаниям юного мальчика Вити описана ссылка раскулаченных в Архангельск (многоэтажные нары в церквях, о неожиданных и ненужных вещах, которые везли с собой ссыльные — упряжная дуга, граммофон с трубой и т. п.)[6]:323. Отец Виктор включен Солженицыным и в список его тайных помощников, так называемых «невидимок»."
Свидетели «Архипелага ГУЛАГ»,,,Щербаков Валерий Ф.,Щербаков Валерий Ф.
Свидетели «Архипелага ГУЛАГ»,,,Эфроимсон Владимир Павлович,"Эфроимсон Владимир Павлович (1908—1989)— генетик, участник войны, з/к (1932—1935, 1949—1955) — у Солженицына приведён эпизод, как в 1955 Эфроимсон принёс заместителю генерального прокурора Салину том уголовных обвинений против Лысенко. Салин рекомендовал обращаться в ЦК КПСС[6]:416."
Свидетели «Архипелага ГУЛАГ»,,,Юдина Мария Вениаминовна,"Юдина Мария Вениаминовна (1899—1970) — пианист, педагог."
Свидетели «Архипелага ГУЛАГ»,,,Юнг Павел Густавович,Юнг Павел Густавович
Свидетели «Архипелага ГУЛАГ»,,,Якубович Михаил Петрович,"Якубович Михаил Петрович (1891—1980) — зам. начальника сектора снабжения Наркомторга СССР, подсудимый на процессе «Союзного бюро меньшевиков», з/к и ссыльный (Верхне-уральский изолятор, Унжлаг, Караганда; 1930—1953) I:60, 344, 368—374, 383; III:402"